"id"	"name"	"color"	"item_number"	"list"	"cost"	"price"	"ws_price"	"ex_price"	"weight_lbs"	"shipable"	"free_shipping"	"special_shipping"	"amount_per_box"	"web_size"	"display_size_2"	"alt_length"	"alt_width"	"alt_height"	"ship_length"	"ship_width"	"ship_height"	"nominal_length"	"nominal_width"	"nominal_height"	"inv_stocked"	"inv_eastorange"	"inv_orange"	"inv_ordered"	"featured"	"enabled"	"associated"	"related"	"case_enabled"	"case_quantity"	"case_length"	"case_width"	"case_height"	"case_weight"	"case_price"	"container_enabled"	"container_quantity"	"container_length"	"container_width"	"container_height"	"container_weight"	"container_price"	"pallet_enabled"	"pallet_quantity"	"pallet_length"	"pallet_width"	"pallet_height"	"pallet_weight"	"pallet_price"	"truckload_enabled"	"truckload_quantity"	"truckload_length"	"truckload_width"	"truckload_height"	"truckload_weight"	"truckload_price"	"meta_title"	"add_keywords"	"master_model"	"parent"	"class"
"422"	"Galvanized Welded Wire"	""	"AFCGWW2X4"	""	""	""	""	""	""	"1"	""	""	""	""	""	""	""	""	""	""	""	""	""	""	""	"0"	"0"	""	""	"1"	""	""	"0"	"0"	"0.00"	"0.00"	"0.00"	"0.00"	"0.00"	"0"	"0"	"0.00"	"0.00"	"0.00"	"0.00"	"0.00"	"0"	"0"	"0.00"	"0.00"	"0.00"	"0.00"	"0.00"	"0"	"0"	"0.00"	"0.00"	"0.00"	"0.00"	"0.00"	""	""	"1"	""	"WWF"
"3457"	"Galvanized 3 x 2"	""	"AFCGWW3X2"	""	""	""	""	""	""	"1"	""	""	""	""	""	""	""	""	""	""	""	""	""	""	""	"0"	"0"	""	""	"1"	""	""	"0"	"0"	"0.00"	"0.00"	"0.00"	"0.00"	"0.00"	"0"	"0"	"0.00"	"0.00"	"0.00"	"0.00"	"0.00"	"0"	"0"	"0.00"	"0.00"	"0.00"	"0.00"	"0.00"	"0"	"0"	"0.00"	"0.00"	"0.00"	"0.00"	"0.00"	""	""	"1"	""	"WWF"
"3458"	"Galvanized 1 x 2"	""	"AFCGWW1X2"	""	""	""	""	""	""	"1"	""	""	""	""	""	""	""	""	""	""	""	""	""	""	""	"0"	"0"	""	""	"1"	""	""	"0"	"0"	"0.00"	"0.00"	"0.00"	"0.00"	"0.00"	"0"	"0"	"0.00"	"0.00"	"0.00"	"0.00"	"0.00"	"0"	"0"	"0.00"	"0.00"	"0.00"	"0.00"	"0.00"	"0"	"0"	"0.00"	"0.00"	"0.00"	"0.00"	"0.00"	""	""	"1"	""	"WWF"
"3459"	"Galvanized 1 X 1"	""	"AFCGWW1X1"	""	""	""	""	""	""	"1"	""	""	""	""	""	""	""	""	""	""	""	""	""	""	""	"0"	"0"	""	""	"1"	""	""	"0"	"0"	"0.00"	"0.00"	"0.00"	"0.00"	"0.00"	"0"	"0"	"0.00"	"0.00"	"0.00"	"0.00"	"0.00"	"0"	"0"	"0.00"	"0.00"	"0.00"	"0.00"	"0.00"	"0"	"0"	"0.00"	"0.00"	"0.00"	"0.00"	"0.00"	""	""	"1"	""	"WWF"
"3460"	"Galvanized 1/2 x 1"	""	"AFCGWW12X1"	""	""	""	""	""	""	"1"	""	""	""	""	""	""	""	""	""	""	""	""	""	""	""	"0"	"0"	""	""	"1"	""	""	"0"	"0"	"0.00"	"0.00"	"0.00"	"0.00"	"0.00"	"0"	"0"	"0.00"	"0.00"	"0.00"	"0.00"	"0.00"	"0"	"0"	"0.00"	"0.00"	"0.00"	"0.00"	"0.00"	"0"	"0"	"0.00"	"0.00"	"0.00"	"0.00"	"0.00"	""	""	"1"	""	"WWF"
"3358"	"Welded Wire - Galvanized "	"Galvanized"	"WW24145036"	"0.00"	"0.00"	"60.00"	"0.00"	""	"24.00"	"1"	"0"	"1"	"1"	"36in x 50ft"	"2in x 4in 14 Gauge "	""	""	""	"10"	"10"	"36"	""	""	""	"12"	"12"	"0"	"0"	""	"1"	""	""	"0"	"0"	"0.00"	"0.00"	"0.00"	"0.00"	"0.00"	"0"	"0"	"0.00"	"0.00"	"0.00"	"0.00"	"0.00"	"0"	"0"	"0.00"	"0.00"	"0.00"	"0.00"	"0.00"	"0"	"0"	"0.00"	"0.00"	"0.00"	"0.00"	"0.00"	""	""	"0"	"WW241436G"	"WWF"
"3359"	"Welded Wire - Galvanized "	"Galvanized"	"WW24145048"	"0.00"	"0.00"	"90.00"	"0.00"	""	"33.00"	"1"	"0"	"1"	"1"	"48in x 50ft"	"2in x 4in 14 Gauge "	""	""	""	"10"	"10"	"48"	""	""	""	"25"	"25"	"0"	"0"	""	"1"	""	""	"0"	"0"	"0.00"	"0.00"	"0.00"	"0.00"	"0.00"	"0"	"0"	"0.00"	"0.00"	"0.00"	"0.00"	"0.00"	"0"	"0"	"0.00"	"0.00"	"0.00"	"0.00"	"0.00"	"0"	"0"	"0.00"	"0.00"	"0.00"	"0.00"	"0.00"	""	""	"0"	"WW241448G"	"WWF"
"3360"	"Welded Wire - Galvanized "	"Galvanized"	"WW24145060"	"0.00"	"0.00"	"95.00"	"0.00"	""	"40.00"	"1"	"0"	"1"	"1"	"60in x 50ft"	"2in x 4in 14 Gauge "	""	""	""	"12"	"12"	"60"	""	""	""	"10"	"10"	"0"	"0"	""	"1"	""	""	"0"	"0"	"0.00"	"0.00"	"0.00"	"0.00"	"0.00"	"0"	"0"	"0.00"	"0.00"	"0.00"	"0.00"	"0.00"	"0"	"0"	"0.00"	"0.00"	"0.00"	"0.00"	"0.00"	"0"	"0"	"0.00"	"0.00"	"0.00"	"0.00"	"0.00"	""	""	"0"	"WW241460G"	"WWF"
"3361"	"Welded Wire - Galvanized "	"Galvanized"	"WW24145072"	"0.00"	"0.00"	"120.00"	"0.00"	""	"48.00"	"1"	"0"	"1"	"1"	"72in x 50ft"	"2in x 4in 14 Gauge "	""	""	""	"12"	"12"	"72"	""	""	""	"6"	"12"	"-6"	"0"	""	"1"	""	""	"0"	"0"	"0.00"	"0.00"	"0.00"	"0.00"	"0.00"	"0"	"0"	"0.00"	"0.00"	"0.00"	"0.00"	"0.00"	"0"	"0"	"0.00"	"0.00"	"0.00"	"0.00"	"0.00"	"0"	"0"	"0.00"	"0.00"	"0.00"	"0.00"	"0.00"	""	""	"0"	"WW241472G"	"WWF"
"3362"	"Welded Wire - Galvanized "	"Galvanized"	"WW241410036"	"0.00"	"0.00"	"120.00"	"0.00"	""	"48.00"	"1"	"0"	"1"	"1"	"36in x 100ft"	"2in x 4in 14 Gauge "	""	""	""	"14"	"14"	"36"	""	""	""	"6"	"10"	"-4"	"0"	""	"1"	""	""	"0"	"0"	"0.00"	"0.00"	"0.00"	"0.00"	"0.00"	"0"	"0"	"0.00"	"0.00"	"0.00"	"0.00"	"0.00"	"0"	"0"	"0.00"	"0.00"	"0.00"	"0.00"	"0.00"	"0"	"0"	"0.00"	"0.00"	"0.00"	"0.00"	"0.00"	""	""	"0"	"WW241436G"	"WWF"
"3363"	"Welded Wire - Galvanized "	"Galvanized"	"WW241410048"	"0.00"	"0.00"	"150.00"	"0.00"	""	"61.00"	"1"	"0"	"1"	"1"	"48in x 100ft"	"2in x 4in 14 Gauge "	""	""	""	"14"	"14"	"48"	""	""	""	"12"	"22"	"-10"	"0"	""	"1"	""	""	"0"	"0"	"0.00"	"0.00"	"0.00"	"0.00"	"0.00"	"0"	"0"	"0.00"	"0.00"	"0.00"	"0.00"	"0.00"	"0"	"0"	"0.00"	"0.00"	"0.00"	"0.00"	"0.00"	"0"	"0"	"0.00"	"0.00"	"0.00"	"0.00"	"0.00"	""	""	"0"	"WW241448G"	"WWF"
"3364"	"Welded Wire - Galvanized "	"Galvanized"	"WW241410060"	"0.00"	"0.00"	"180.00"	"0.00"	""	"77.00"	"1"	"0"	"1"	"1"	"60in x 100ft"	"2in x 4in 14 Gauge "	""	""	""	"14"	"14"	"60"	""	""	""	"19"	"24"	"-5"	"0"	""	"1"	""	""	"0"	"0"	"0.00"	"0.00"	"0.00"	"0.00"	"0.00"	"0"	"0"	"0.00"	"0.00"	"0.00"	"0.00"	"0.00"	"0"	"0"	"0.00"	"0.00"	"0.00"	"0.00"	"0.00"	"0"	"0"	"0.00"	"0.00"	"0.00"	"0.00"	"0.00"	""	""	"0"	"WW241460G"	"WWF"
"3365"	"Welded Wire - Galvanized "	"Galvanized"	"WW241410072"	"0.00"	"0.00"	"220.00"	"0.00"	""	"91.00"	"1"	"0"	"1"	"1"	"72in x 100ft "	"2in x 4in 14 Gauge "	""	""	""	"14"	"14"	"73"	""	""	""	"1"	"8"	"-7"	"0"	""	"1"	""	""	"0"	"0"	"0.00"	"0.00"	"0.00"	"0.00"	"0.00"	"0"	"0"	"0.00"	"0.00"	"0.00"	"0.00"	"0.00"	"0"	"0"	"0.00"	"0.00"	"0.00"	"0.00"	"0.00"	"0"	"0"	"0.00"	"0.00"	"0.00"	"0.00"	"0.00"	""	""	"0"	"WW241472G"	"WWF"
"16284"	"Galvanized Welded Wire"	""	"WW241436G"	"0.00"	"0.00"	"0.00"	"0.00"	"0.00"	"0.00"	"1"	"0"	"0"	""	""	""	""	""	""	""	""	""	""	""	""	"0"	"0"	"0"	"0"	"0"	"1"	""	""	"0"	"4"	"10.00"	"10.00"	"4.00"	"40.00"	"103.00"	"0"	"0"	"0.00"	"0.00"	"0.00"	"0.00"	"0.00"	"1"	"18"	"48.00"	"48.00"	"52.00"	"505.00"	"2216.70"	"0"	"0"	"0.00"	"0.00"	"0.00"	"0.00"	"0.00"	""	""	"1"	""	"WWF"
"16285"	"Galvanized Welded Wire"	""	"WW241448G"	"0.00"	"0.00"	"0.00"	"0.00"	"0.00"	"0.00"	"1"	"0"	"0"	""	""	""	""	""	""	""	""	""	""	""	""	"0"	"0"	"0"	"0"	"0"	"1"	""	""	"0"	"4"	"10.00"	"10.00"	"4.00"	"40.00"	"103.00"	"0"	"0"	"0.00"	"0.00"	"0.00"	"0.00"	"0.00"	"1"	"18"	"48.00"	"48.00"	"52.00"	"505.00"	"2216.70"	"0"	"0"	"0.00"	"0.00"	"0.00"	"0.00"	"0.00"	""	""	"1"	""	"WWF"
"16286"	"Galvanized Welded Wire"	""	"WW241460G"	"0.00"	"0.00"	"0.00"	"0.00"	"0.00"	"0.00"	"1"	"0"	"0"	""	""	""	""	""	""	""	""	""	""	""	""	"0"	"0"	"0"	"0"	"0"	"1"	""	""	"0"	"4"	"10.00"	"10.00"	"4.00"	"40.00"	"103.00"	"0"	"0"	"0.00"	"0.00"	"0.00"	"0.00"	"0.00"	"1"	"18"	"48.00"	"48.00"	"52.00"	"505.00"	"2216.70"	"0"	"0"	"0.00"	"0.00"	"0.00"	"0.00"	"0.00"	""	""	"1"	""	"WWF"
"16287"	"Galvanized Welded Wire"	""	"WW241472G"	"0.00"	"0.00"	"0.00"	"0.00"	"0.00"	"0.00"	"1"	"0"	"0"	""	""	""	""	""	""	""	""	""	""	""	""	"0"	"0"	"0"	"0"	"0"	"1"	""	""	"0"	"4"	"10.00"	"10.00"	"4.00"	"40.00"	"103.00"	"0"	"0"	"0.00"	"0.00"	"0.00"	"0.00"	"0.00"	"1"	"18"	"48.00"	"48.00"	"52.00"	"505.00"	"2216.70"	"0"	"0"	"0.00"	"0.00"	"0.00"	"0.00"	"0.00"	""	""	"1"	""	"WWF"
"16288"	"Galvanized Welded Wire"	""	"WW241248G"	"0.00"	"0.00"	"0.00"	"0.00"	"0.00"	"0.00"	"1"	"0"	"0"	""	""	""	""	""	""	""	""	""	""	""	""	"0"	"0"	"0"	"0"	"0"	"1"	""	""	"0"	"4"	"10.00"	"10.00"	"4.00"	"40.00"	"103.00"	"0"	"0"	"0.00"	"0.00"	"0.00"	"0.00"	"0.00"	"1"	"18"	"48.00"	"48.00"	"52.00"	"505.00"	"2216.70"	"0"	"0"	"0.00"	"0.00"	"0.00"	"0.00"	"0.00"	""	""	"1"	""	"WWF"
"16289"	"Galvanized Welded Wire"	""	"WW241260G"	"0.00"	"0.00"	"0.00"	"0.00"	"0.00"	"0.00"	"1"	"0"	"0"	""	""	""	""	""	""	""	""	""	""	""	""	"0"	"0"	"0"	"0"	"0"	"1"	""	""	"0"	"4"	"10.00"	"10.00"	"4.00"	"40.00"	"103.00"	"0"	"0"	"0.00"	"0.00"	"0.00"	"0.00"	"0.00"	"1"	"18"	"48.00"	"48.00"	"52.00"	"505.00"	"2216.70"	"0"	"0"	"0.00"	"0.00"	"0.00"	"0.00"	"0.00"	""	""	"1"	""	"WWF"
"16290"	"Galvanized Welded Wire"	""	"WW241272G"	"0.00"	"0.00"	"0.00"	"0.00"	"0.00"	"0.00"	"1"	"0"	"0"	""	""	""	""	""	""	""	""	""	""	""	""	"0"	"0"	"0"	"0"	"0"	"1"	""	""	"0"	"4"	"10.00"	"10.00"	"4.00"	"40.00"	"103.00"	"0"	"0"	"0.00"	"0.00"	"0.00"	"0.00"	"0.00"	"1"	"18"	"48.00"	"48.00"	"52.00"	"505.00"	"2216.70"	"0"	"0"	"0.00"	"0.00"	"0.00"	"0.00"	"0.00"	""	""	"1"	""	"WWF"
"3373"	"Welded Wire - Galvanized "	"Galvanized"	"WW32165036"	"0.00"	"0.00"	"31.75"	"0.00"	""	"15.00"	"1"	"0"	"1"	"1"	"36in x 50ft"	"3in x 2in 16 Gauge"	""	""	""	"8"	"8"	"36"	""	""	""	"20"	"20"	"0"	"0"	""	"1"	""	""	"0"	"0"	"0.00"	"0.00"	"0.00"	"0.00"	"0.00"	"0"	"0"	"0.00"	"0.00"	"0.00"	"0.00"	"0.00"	"0"	"0"	"0.00"	"0.00"	"0.00"	"0.00"	"0.00"	"0"	"0"	"0.00"	"0.00"	"0.00"	"0.00"	"0.00"	""	""	"0"	"WW321636G"	"WWF"
"3374"	"Welded Wire - Galvanized "	"Galvanized"	"WW32165048"	"0.00"	"0.00"	"44.65"	"0.00"	""	"20.00"	"1"	"0"	"1"	"1"	"48in x 50ft"	"3in x 2in 16 Gauge"	""	""	""	"8"	"8"	"48"	""	""	""	"28"	"28"	"0"	"0"	""	"1"	""	""	"0"	"0"	"0.00"	"0.00"	"0.00"	"0.00"	"0.00"	"0"	"0"	"0.00"	"0.00"	"0.00"	"0.00"	"0.00"	"0"	"0"	"0.00"	"0.00"	"0.00"	"0.00"	"0.00"	"0"	"0"	"0.00"	"0.00"	"0.00"	"0.00"	"0.00"	""	""	"0"	"WW321648G"	"WWF"
"16304"	"Galvanized Welded Wire"	""	"WW321624G"	"0.00"	"0.00"	"0.00"	"0.00"	"0.00"	"0.00"	"1"	"0"	"0"	""	""	""	""	""	""	""	""	""	""	""	""	"0"	"0"	"0"	"0"	"0"	"1"	""	""	"0"	"4"	"10.00"	"10.00"	"4.00"	"40.00"	"103.00"	"0"	"0"	"0.00"	"0.00"	"0.00"	"0.00"	"0.00"	"1"	"18"	"48.00"	"48.00"	"52.00"	"505.00"	"2216.70"	"0"	"0"	"0.00"	"0.00"	"0.00"	"0.00"	"0.00"	""	""	"1"	""	"WWF"
"16305"	"Galvanized Welded Wire"	""	"WW321636G"	"0.00"	"0.00"	"0.00"	"0.00"	"0.00"	"0.00"	"1"	"0"	"0"	""	""	""	""	""	""	""	""	""	""	""	""	"0"	"0"	"0"	"0"	"0"	"1"	""	""	"0"	"4"	"10.00"	"10.00"	"4.00"	"40.00"	"103.00"	"0"	"0"	"0.00"	"0.00"	"0.00"	"0.00"	"0.00"	"1"	"18"	"48.00"	"48.00"	"52.00"	"505.00"	"2216.70"	"0"	"0"	"0.00"	"0.00"	"0.00"	"0.00"	"0.00"	""	""	"1"	""	"WWF"
"16306"	"Galvanized Welded Wire"	""	"WW321648G"	"0.00"	"0.00"	"0.00"	"0.00"	"0.00"	"0.00"	"1"	"0"	"0"	""	""	""	""	""	""	""	""	""	""	""	""	"0"	"0"	"0"	"0"	"0"	"1"	""	""	"0"	"4"	"10.00"	"10.00"	"4.00"	"40.00"	"103.00"	"0"	"0"	"0.00"	"0.00"	"0.00"	"0.00"	"0.00"	"1"	"18"	"48.00"	"48.00"	"52.00"	"505.00"	"2216.70"	"0"	"0"	"0.00"	"0.00"	"0.00"	"0.00"	"0.00"	""	""	"1"	""	"WWF"
"3375"	"Welded Wire - Galvanized "	"Galvanized"	"WW12145036"	"0.00"	"0.00"	"175.00"	"0.00"	""	"45.00"	"1"	"0"	"1"	"1"	"36in x 50ft"	"1in x 2in 14 Gauge"	""	""	""	"10"	"10"	"36"	""	""	""	"19"	"24"	"-5"	"0"	""	"1"	""	""	"0"	"0"	"0.00"	"0.00"	"0.00"	"0.00"	"0.00"	"0"	"0"	"0.00"	"0.00"	"0.00"	"0.00"	"0.00"	"0"	"0"	"0.00"	"0.00"	"0.00"	"0.00"	"0.00"	"0"	"0"	"0.00"	"0.00"	"0.00"	"0.00"	"0.00"	""	""	"0"	"WW121436G"	"WWF"
"3376"	"Welded Wire - Galvanized "	"Galvanized"	"WW12145048"	"0.00"	"0.00"	"200.00"	"0.00"	""	"61.00"	"1"	"0"	"1"	"1"	"48in x 50ft"	"1in x 2in 14 Gauge"	""	""	""	"10"	"10"	"48"	""	""	""	"10"	"20"	"-10"	"0"	""	"1"	""	""	"0"	"0"	"0.00"	"0.00"	"0.00"	"0.00"	"0.00"	"0"	"0"	"0.00"	"0.00"	"0.00"	"0.00"	"0.00"	"0"	"0"	"0.00"	"0.00"	"0.00"	"0.00"	"0.00"	"0"	"0"	"0.00"	"0.00"	"0.00"	"0.00"	"0.00"	""	""	"0"	"WW121448G"	"WWF"
"3377"	"Welded Wire - Galvanized "	"Galvanized"	"WW121410018"	"0.00"	"0.00"	"200.00"	"0.00"	""	"45.00"	"1"	"0"	"1"	"1"	"18in x 100ft"	"1in x 2in 14 Gauge"	""	""	""	"15"	"15"	"18"	""	""	""	"5"	"5"	"0"	"0"	""	"1"	""	""	"0"	"0"	"0.00"	"0.00"	"0.00"	"0.00"	"0.00"	"0"	"0"	"0.00"	"0.00"	"0.00"	"0.00"	"0.00"	"0"	"0"	"0.00"	"0.00"	"0.00"	"0.00"	"0.00"	"0"	"0"	"0.00"	"0.00"	"0.00"	"0.00"	"0.00"	""	""	"0"	"WW121418G"	"WWF"
"3378"	"Welded Wire - Galvanized "	"Galvanized"	"WW121410024"	"0.00"	"0.00"	"200.00"	"0.00"	""	"60.00"	"1"	"0"	"1"	"1"	"24in x 100ft"	"1in x 2in 14 Gauge"	""	""	""	"15"	"15"	"24"	""	""	""	"10"	"10"	"0"	"0"	""	"1"	""	""	"0"	"0"	"0.00"	"0.00"	"0.00"	"0.00"	"0.00"	"0"	"0"	"0.00"	"0.00"	"0.00"	"0.00"	"0.00"	"0"	"0"	"0.00"	"0.00"	"0.00"	"0.00"	"0.00"	"0"	"0"	"0.00"	"0.00"	"0.00"	"0.00"	"0.00"	""	""	"0"	"WW121424G"	"WWF"
"3379"	"Welded Wire - Galvanized "	"Galvanized"	"WW121410036"	"0.00"	"0.00"	"300.00"	"0.00"	""	"90.00"	"1"	"0"	"1"	"1"	"36in x 100ft"	"1in x 2in 14 Gauge"	""	""	""	"14"	"14"	"36"	""	""	""	"22"	"33"	"-11"	"0"	""	"1"	""	""	"0"	"0"	"0.00"	"0.00"	"0.00"	"0.00"	"0.00"	"0"	"0"	"0.00"	"0.00"	"0.00"	"0.00"	"0.00"	"0"	"0"	"0.00"	"0.00"	"0.00"	"0.00"	"0.00"	"0"	"0"	"0.00"	"0.00"	"0.00"	"0.00"	"0.00"	""	""	"0"	"WW121436G"	"WWF"
"3380"	"Welded Wire - Galvanized "	"Galvanized"	"WW121410048"	"0.00"	"0.00"	"360.00"	"0.00"	""	"120.00"	"1"	"0"	"1"	"1"	"48in x 100ft"	"1in x 2in 14 Gauge"	""	""	""	"14"	"14"	"48"	""	""	""	"22"	"26"	"-4"	"0"	""	"1"	""	""	"0"	"0"	"0.00"	"0.00"	"0.00"	"0.00"	"0.00"	"0"	"0"	"0.00"	"0.00"	"0.00"	"0.00"	"0.00"	"0"	"0"	"0.00"	"0.00"	"0.00"	"0.00"	"0.00"	"0"	"0"	"0.00"	"0.00"	"0.00"	"0.00"	"0.00"	""	""	"0"	"WW121448G"	"WWF"
"3381"	"Welded Wire - Galvanized "	"Galvanized"	"WW121410060"	"0.00"	"0.00"	"450.00"	"0.00"	""	"157.00"	"0"	"0"	""	""	"60in x 100ft"	"1in x 2in 14 Gauge"	""	""	""	"14"	"14"	"61"	""	""	""	"24"	"33"	"-9"	"0"	""	"1"	""	""	"0"	"0"	"0.00"	"0.00"	"0.00"	"0.00"	"0.00"	"0"	"0"	"0.00"	"0.00"	"0.00"	"0.00"	"0.00"	"0"	"0"	"0.00"	"0.00"	"0.00"	"0.00"	"0.00"	"0"	"0"	"0.00"	"0.00"	"0.00"	"0.00"	"0.00"	""	""	"0"	"WW121460G"	"WWF"
"3382"	"Welded Wire - Galvanized "	"Galvanized"	"WW121410072"	"0.00"	"0.00"	"500.00"	"0.00"	""	"175.00"	"0"	"0"	"1"	"1"	"72in x 100ft "	"1in x 2in 14 Gauge"	""	""	""	"15"	"15"	"73"	""	""	""	"9"	"12"	"-3"	"0"	""	"1"	""	""	"0"	"0"	"0.00"	"0.00"	"0.00"	"0.00"	"0.00"	"0"	"0"	"0.00"	"0.00"	"0.00"	"0.00"	"0.00"	"0"	"0"	"0.00"	"0.00"	"0.00"	"0.00"	"0.00"	"0"	"0"	"0.00"	"0.00"	"0.00"	"0.00"	"0.00"	""	""	"0"	"WW121472G"	"WWF"
"3366"	"Welded Wire - Galvanized "	"Galvanized"	"WW111610036"	"0.00"	"0.00"	"190.00"	"0.00"	""	"73.00"	"1"	"0"	"1"	"1"	"36in x 100ft"	"1in x 1 in 16 Gauge "	""	""	""	"15"	"15"	"36"	""	""	""	"42"	"48"	"-6"	"0"	""	"1"	""	""	"0"	"0"	"0.00"	"0.00"	"0.00"	"0.00"	"0.00"	"0"	"0"	"0.00"	"0.00"	"0.00"	"0.00"	"0.00"	"0"	"0"	"0.00"	"0.00"	"0.00"	"0.00"	"0.00"	"0"	"0"	"0.00"	"0.00"	"0.00"	"0.00"	"0.00"	""	""	"0"	"WW111636G"	"WWF"
"3367"	"Welded Wire - Galvanized "	"Galvanized"	"WW111610048"	"0.00"	"0.00"	"260.00"	"0.00"	""	"97.00"	"1"	"0"	"1"	"1"	"48in x 100ft"	"1in x 1 in 16 Gauge "	""	""	""	"15"	"15"	"48"	""	""	""	"6"	"18"	"-12"	"0"	""	"1"	""	""	"0"	"0"	"0.00"	"0.00"	"0.00"	"0.00"	"0.00"	"0"	"0"	"0.00"	"0.00"	"0.00"	"0.00"	"0.00"	"0"	"0"	"0.00"	"0.00"	"0.00"	"0.00"	"0.00"	"0"	"0"	"0.00"	"0.00"	"0.00"	"0.00"	"0.00"	""	""	"0"	"WW111648G"	"WWF"
"3368"	"Welded Wire - Galvanized "	"Galvanized"	"WW111610060"	"0.00"	"0.00"	"290.00"	"0.00"	""	"121.00"	"1"	"0"	"1"	"1"	"60in x 100ft"	"1in x 1 in 16 Gauge "	""	""	""	"15"	"15"	"60"	""	""	""	"5"	"21"	"-16"	"0"	""	"1"	""	""	"0"	"0"	"0.00"	"0.00"	"0.00"	"0.00"	"0.00"	"0"	"0"	"0.00"	"0.00"	"0.00"	"0.00"	"0.00"	"0"	"0"	"0.00"	"0.00"	"0.00"	"0.00"	"0.00"	"0"	"0"	"0.00"	"0.00"	"0.00"	"0.00"	"0.00"	""	""	"0"	"WW111660G"	"WWF"
"3369"	"Welded Wire - Galvanized "	"Galvanized"	"WW111610072"	"0.00"	"0.00"	"380.00"	"0.00"	""	"153.00"	"0"	"0"	"1"	"1"	"72in x 100ft "	"1in x 1 in 16 Gauge "	""	""	""	"12"	"12"	"73"	""	""	""	"7"	"14"	"-7"	"0"	""	"1"	""	""	"0"	"0"	"0.00"	"0.00"	"0.00"	"0.00"	"0.00"	"0"	"0"	"0.00"	"0.00"	"0.00"	"0.00"	"0.00"	"0"	"0"	"0.00"	"0.00"	"0.00"	"0.00"	"0.00"	"0"	"0"	"0.00"	"0.00"	"0.00"	"0.00"	"0.00"	""	""	"0"	"WW111672G"	"WWF"
"16297"	"Galvanized Welded Wire"	""	"WW111636G"	"0.00"	"0.00"	"0.00"	"0.00"	"0.00"	"0.00"	"1"	"0"	"0"	""	""	""	""	""	""	""	""	""	""	""	""	"0"	"0"	"0"	"0"	"0"	"1"	""	""	"0"	"4"	"10.00"	"10.00"	"4.00"	"40.00"	"103.00"	"0"	"0"	"0.00"	"0.00"	"0.00"	"0.00"	"0.00"	"1"	"5"	"5.00"	"5.00"	"5.00"	"5.00"	"5.00"	"0"	"0"	"0.00"	"0.00"	"0.00"	"0.00"	"0.00"	""	""	"1"	""	"WWF"
"16298"	"Galvanized Welded Wire"	""	"WW111648G"	"0.00"	"0.00"	"0.00"	"0.00"	"0.00"	"0.00"	"1"	"0"	"0"	""	""	""	""	""	""	""	""	""	""	""	""	"0"	"0"	"0"	"0"	"0"	"1"	""	""	"0"	"4"	"10.00"	"10.00"	"4.00"	"40.00"	"103.00"	"0"	"0"	"0.00"	"0.00"	"0.00"	"0.00"	"0.00"	"1"	"5"	"5.00"	"5.00"	"5.00"	"5.00"	"5.00"	"0"	"0"	"0.00"	"0.00"	"0.00"	"0.00"	"0.00"	""	""	"1"	""	"WWF"
"16299"	"Galvanized Welded Wire"	""	"WW111660G"	"0.00"	"0.00"	"0.00"	"0.00"	"0.00"	"0.00"	"1"	"0"	"0"	""	""	""	""	""	""	""	""	""	""	""	""	"0"	"0"	"0"	"0"	"0"	"1"	""	""	"0"	"4"	"10.00"	"10.00"	"4.00"	"40.00"	"103.00"	"0"	"0"	"0.00"	"0.00"	"0.00"	"0.00"	"0.00"	"1"	"5"	"5.00"	"5.00"	"5.00"	"5.00"	"5.00"	"0"	"0"	"0.00"	"0.00"	"0.00"	"0.00"	"0.00"	""	""	"1"	""	"WWF"
"16300"	"Galvanized Welded Wire"	""	"WW111672G"	"0.00"	"0.00"	"0.00"	"0.00"	"0.00"	"0.00"	"1"	"0"	"0"	""	""	""	""	""	""	""	""	""	""	""	""	"0"	"0"	"0"	"0"	"0"	"1"	""	""	"0"	"4"	"10.00"	"10.00"	"4.00"	"40.00"	"103.00"	"0"	"0"	"0.00"	"0.00"	"0.00"	"0.00"	"0.00"	"1"	"5"	"5.00"	"5.00"	"5.00"	"5.00"	"5.00"	"0"	"0"	"0.00"	"0.00"	"0.00"	"0.00"	"0.00"	""	""	"1"	""	"WWF"
"36931"	"Galvanized Welded WIre"	"Galvanized"	"WW111610024"	"0.00"	"0.00"	"130.00"	"0.00"	""	"58.00"	"1"	"0"	"1"	"1"	"24in x 100ft"	"1in x 1in 16 Gauge"	""	""	""	"14"	"14"	"25"	""	""	""	"9"	"20"	"-11"	"0"	""	"1"	""	""	"0"	"0"	"0.00"	"0.00"	"0.00"	"0.00"	"0.00"	"0"	"0"	"0.00"	"0.00"	"0.00"	"0.00"	"0.00"	"0"	"0"	"0.00"	"0.00"	"0.00"	"0.00"	"0.00"	"0"	"0"	"0.00"	"0.00"	"0.00"	"0.00"	"0.00"	""	""	"0"	"WW111624G"	"WWF"
"3383"	"Welded Wire - Galvanized "	"Galvanized"	"WW1511610024"	"0.00"	"0.00"	"200.00"	"0.00"	""	"70.00"	"1"	"0"	"1"	"1"	"24in x 100ft"	"1/2in x 1in 16 Gauge"	""	""	""	"14"	"14"	"24"	""	""	""	"5"	"7"	"-2"	"0"	""	"1"	""	""	"0"	"0"	"0.00"	"0.00"	"0.00"	"0.00"	"0.00"	"0"	"0"	"0.00"	"0.00"	"0.00"	"0.00"	"0.00"	"0"	"0"	"0.00"	"0.00"	"0.00"	"0.00"	"0.00"	"0"	"0"	"0.00"	"0.00"	"0.00"	"0.00"	"0.00"	""	""	"0"	"AFCGWW12X1"	"WWF"
"3384"	"Welded Wire - Galvanized "	"Galvanized"	"WW1511610036"	"0.00"	"0.00"	"230.00"	"0.00"	""	"115.00"	"1"	"0"	"1"	"1"	"36in x 100ft"	"1/2in x 1in 16 Gauge"	""	""	""	"14"	"14"	"36"	""	""	""	"0"	"0"	"0"	"0"	""	"1"	""	""	"0"	"0"	"0.00"	"0.00"	"0.00"	"0.00"	"0.00"	"0"	"0"	"0.00"	"0.00"	"0.00"	"0.00"	"0.00"	"0"	"0"	"0.00"	"0.00"	"0.00"	"0.00"	"0.00"	"0"	"0"	"0.00"	"0.00"	"0.00"	"0.00"	"0.00"	""	""	"0"	"AFCGWW12X1"	"WWF"
"3386"	"Welded Wire - Galvanized "	"Galvanized"	"WW1511610048"	"0.00"	"0.00"	"360.00"	"0.00"	""	"152.00"	"0"	"0"	"1"	"1"	"48in x 100ft"	"1/2in x 1in 16 Gauge"	""	""	""	"14"	"14"	"49"	""	""	""	"11"	"11"	"0"	"0"	""	"1"	""	""	"0"	"0"	"0.00"	"0.00"	"0.00"	"0.00"	"0.00"	"0"	"0"	"0.00"	"0.00"	"0.00"	"0.00"	"0.00"	"0"	"0"	"0.00"	"0.00"	"0.00"	"0.00"	"0.00"	"0"	"0"	"0.00"	"0.00"	"0.00"	"0.00"	"0.00"	"13"	""	"0"	"AFCGWW1x12"	"WWF"
"3355"	"Welded Wire - Galvanized "	"Galvanized"	"WW241210048"	"0.00"	"0.00"	"220.00"	"0.00"	""	"92.30"	"1"	"0"	"1"	"1"	"48in x 100ft"	"2in x 4in 12.5 Gauge"	""	""	""	"16"	"16"	"49"	""	""	""	"3"	"3"	"0"	"0"	""	"1"	""	""	"0"	"0"	"0.00"	"0.00"	"0.00"	"0.00"	"0.00"	"0"	"0"	"0.00"	"0.00"	"0.00"	"0.00"	"0.00"	"0"	"0"	"0.00"	"0.00"	"0.00"	"0.00"	"0.00"	"0"	"0"	"0.00"	"0.00"	"0.00"	"0.00"	"0.00"	""	""	"0"	"WW241248G"	"WWF"
"3356"	"Welded Wire - Galvanized "	"Galvanized"	"WW241210060"	"0.00"	"0.00"	"260.00"	"0.00"	""	"114.70"	"1"	"0"	"1"	"1"	"60in x 100ft"	"2in x 4in 12.5 Gauge"	""	""	""	"10"	"10"	"61"	""	""	""	"0"	"0"	"0"	"0"	""	"1"	""	""	"0"	"0"	"0.00"	"0.00"	"0.00"	"0.00"	"0.00"	"0"	"0"	"0.00"	"0.00"	"0.00"	"0.00"	"0.00"	"0"	"0"	"0.00"	"0.00"	"0.00"	"0.00"	"0.00"	"0"	"0"	"0.00"	"0.00"	"0.00"	"0.00"	"0.00"	""	""	"0"	"WW241260G"	"WWF"
"3357"	"Welded Wire - Galvanized "	"Galvanized"	"WW241210072"	"0.00"	"0.00"	"330.00"	"0.00"	""	"138.00"	"1"	"0"	"1"	"1"	"72in x 100ft "	"2in x 4in 12.5 Gauge"	""	""	""	"10"	"10"	"73"	""	""	""	"0"	"0"	"0"	"0"	""	"0"	""	""	"0"	"0"	"0.00"	"0.00"	"0.00"	"0.00"	"0.00"	"0"	"0"	"0.00"	"0.00"	"0.00"	"0.00"	"0.00"	"0"	"0"	"0.00"	"0.00"	"0.00"	"0.00"	"0.00"	"0"	"0"	"0.00"	"0.00"	"0.00"	"0.00"	"0.00"	""	""	"0"	"WW241272G"	"WWF"
"36930"	"Welded Wire - Galvanized "	"Galvanized"	"WW241210036"	"0.00"	"0.00"	"150.00"	"0.00"	""	"60.00"	"1"	"0"	"1"	"1"	"36in x 100ft"	"2in x 4in 12.5 Gauge"	""	""	""	"15"	"15"	"37"	""	""	""	"1"	"1"	"0"	"0"	""	"0"	""	""	"0"	"0"	"0.00"	"0.00"	"0.00"	"0.00"	"0.00"	"0"	"0"	"0.00"	"0.00"	"0.00"	"0.00"	"0.00"	"0"	"0"	"0.00"	"0.00"	"0.00"	"0.00"	"0.00"	"0"	"0"	"0.00"	"0.00"	"0.00"	"0.00"	"0.00"	""	""	"0"	"WW241236G"	"WWF"
"3370"	"Welded Wire - Galvanized "	"Galvanized"	"WW111410036"	"0.00"	"0.00"	"250.00"	"0.00"	""	"122.00"	"1"	"0"	"1"	"1"	"36in x 100ft"	"1in x 1 in 14 Gauge "	""	""	""	"14"	"14"	"36"	""	""	""	"18"	"10"	"8"	"0"	""	"1"	""	""	"0"	"0"	"0.00"	"0.00"	"0.00"	"0.00"	"0.00"	"0"	"0"	"0.00"	"0.00"	"0.00"	"0.00"	"0.00"	"0"	"0"	"0.00"	"0.00"	"0.00"	"0.00"	"0.00"	"0"	"0"	"0.00"	"0.00"	"0.00"	"0.00"	"0.00"	""	""	"0"	"WW111436G"	"WWF"
"3371"	"Welded Wire - Galvanized "	"Galvanized"	"WW111410048"	"0.00"	"0.00"	"320.00"	"0.00"	""	"162.00"	"0"	"0"	""	"1"	"48in x 100ft"	"1in x 1 in 14 Gauge "	""	""	""	"14"	"14"	"48"	""	""	""	"23"	"33"	"-10"	"0"	""	"1"	""	""	"0"	"0"	"0.00"	"0.00"	"0.00"	"0.00"	"0.00"	"0"	"0"	"0.00"	"0.00"	"0.00"	"0.00"	"0.00"	"0"	"0"	"0.00"	"0.00"	"0.00"	"0.00"	"0.00"	"0"	"0"	"0.00"	"0.00"	"0.00"	"0.00"	"0.00"	""	""	"0"	"WW111648G"	"WWF"
"16291"	"Galvanized Welded Wire"	""	"WW121418G"	"0.00"	"0.00"	"0.00"	"0.00"	"0.00"	"0.00"	"1"	"0"	"0"	""	""	""	""	""	""	""	""	""	""	""	""	"0"	"0"	"0"	"0"	"0"	"1"	""	""	"0"	"4"	"10.00"	"10.00"	"4.00"	"40.00"	"103.00"	"0"	"0"	"0.00"	"0.00"	"0.00"	"0.00"	"0.00"	"1"	"18"	"48.00"	"48.00"	"52.00"	"505.00"	"2216.70"	"0"	"0"	"0.00"	"0.00"	"0.00"	"0.00"	"0.00"	""	""	"1"	""	"WWF"
"16292"	"Galvanized Welded Wire"	""	"WW121424G"	"0.00"	"0.00"	"0.00"	"0.00"	"0.00"	"0.00"	"1"	"0"	"0"	""	""	""	""	""	""	""	""	""	""	""	""	"0"	"0"	"0"	"0"	"0"	"1"	""	""	"0"	"4"	"10.00"	"10.00"	"4.00"	"40.00"	"103.00"	"0"	"0"	"0.00"	"0.00"	"0.00"	"0.00"	"0.00"	"1"	"18"	"48.00"	"48.00"	"52.00"	"505.00"	"2216.70"	"0"	"0"	"0.00"	"0.00"	"0.00"	"0.00"	"0.00"	""	""	"1"	""	"WWF"
"16293"	"Galvanized Welded Wire"	""	"WW121436G"	"0.00"	"0.00"	"0.00"	"0.00"	"0.00"	"0.00"	"1"	"0"	"0"	""	""	""	""	""	""	""	""	""	""	""	""	"0"	"0"	"0"	"0"	"0"	"1"	""	""	"0"	"4"	"10.00"	"10.00"	"4.00"	"40.00"	"103.00"	"0"	"0"	"0.00"	"0.00"	"0.00"	"0.00"	"0.00"	"1"	"18"	"48.00"	"48.00"	"52.00"	"505.00"	"2216.70"	"0"	"0"	"0.00"	"0.00"	"0.00"	"0.00"	"0.00"	""	""	"1"	""	"WWF"
"16294"	"Galvanized Welded Wire"	""	"WW121448G"	"0.00"	"0.00"	"0.00"	"0.00"	"0.00"	"0.00"	"1"	"0"	"0"	""	""	""	""	""	""	""	""	""	""	""	""	"0"	"0"	"0"	"0"	"0"	"1"	""	""	"0"	"4"	"10.00"	"10.00"	"4.00"	"40.00"	"103.00"	"0"	"0"	"0.00"	"0.00"	"0.00"	"0.00"	"0.00"	"1"	"18"	"48.00"	"48.00"	"52.00"	"505.00"	"2216.70"	"0"	"0"	"0.00"	"0.00"	"0.00"	"0.00"	"0.00"	""	""	"1"	""	"WWF"
"16295"	"Galvanized Welded Wire"	""	"WW121460G"	"0.00"	"0.00"	"0.00"	"0.00"	"0.00"	"0.00"	"1"	"0"	"0"	""	""	""	""	""	""	""	""	""	""	""	""	"0"	"0"	"0"	"0"	"0"	"1"	""	""	"0"	"4"	"10.00"	"10.00"	"4.00"	"40.00"	"103.00"	"0"	"0"	"0.00"	"0.00"	"0.00"	"0.00"	"0.00"	"1"	"18"	"48.00"	"48.00"	"52.00"	"505.00"	"2216.70"	"0"	"0"	"0.00"	"0.00"	"0.00"	"0.00"	"0.00"	""	""	"1"	""	"WWF"
"16296"	"Galvanized Welded Wire"	""	"WW121472G"	"0.00"	"0.00"	"0.00"	"0.00"	"0.00"	"0.00"	"1"	"0"	"0"	""	""	""	""	""	""	""	""	""	""	""	""	"0"	"0"	"0"	"0"	"0"	"1"	""	""	"0"	"4"	"10.00"	"10.00"	"4.00"	"40.00"	"103.00"	"0"	"0"	"0.00"	"0.00"	"0.00"	"0.00"	"0.00"	"1"	"18"	"48.00"	"48.00"	"52.00"	"505.00"	"2216.70"	"0"	"0"	"0.00"	"0.00"	"0.00"	"0.00"	"0.00"	""	""	"1"	""	"WWF"
"16301"	"Galvanized Welded Wire"	""	"WW111436G"	"0.00"	"0.00"	"0.00"	"0.00"	"0.00"	"0.00"	"1"	"0"	"0"	""	""	""	""	""	""	""	""	""	""	""	""	"0"	"0"	"0"	"0"	"0"	"1"	""	""	"0"	"4"	"10.00"	"10.00"	"4.00"	"40.00"	"103.00"	"0"	"0"	"0.00"	"0.00"	"0.00"	"0.00"	"0.00"	"1"	"5"	"5.00"	"5.00"	"5.00"	"5.00"	"5.00"	"0"	"0"	"0.00"	"0.00"	"0.00"	"0.00"	"0.00"	""	""	"1"	""	"WWF"
"16302"	"Galvanized Welded Wire"	""	"WW111448G"	"0.00"	"0.00"	"0.00"	"0.00"	"0.00"	"0.00"	"1"	"0"	"0"	""	""	""	""	""	""	""	""	""	""	""	""	"0"	"0"	"0"	"0"	"0"	"1"	""	""	"0"	"4"	"10.00"	"10.00"	"4.00"	"40.00"	"103.00"	"0"	"0"	"0.00"	"0.00"	"0.00"	"0.00"	"0.00"	"1"	"5"	"5.00"	"5.00"	"5.00"	"5.00"	"5.00"	"0"	"0"	"0.00"	"0.00"	"0.00"	"0.00"	"0.00"	""	""	"1"	""	"WWF"
"36932"	"Welded Wire - Galvanized "	"Galvanized"	"WW111410024"	"0.00"	"0.00"	"200.00"	"0.00"	""	"80.00"	"1"	"0"	"1"	"1"	"24in x 100ft"	"1in x 1in 14 Gauge"	""	""	""	"14"	"14"	"25"	""	""	""	"13"	"15"	"-2"	"0"	""	"1"	""	""	"0"	"0"	"0.00"	"0.00"	"0.00"	"0.00"	"0.00"	"0"	"0"	"0.00"	"0.00"	"0.00"	"0.00"	"0.00"	"0"	"0"	"0.00"	"0.00"	"0.00"	"0.00"	"0.00"	"0"	"0"	"0.00"	"0.00"	"0.00"	"0.00"	"0.00"	""	""	"0"	"WW111424G"	"WWF"
"36933"	"Welded Wire - Galvanized "	"Galvanized"	"WW111410060"	"0.00"	"0.00"	"460.00"	"0.00"	""	"197.00"	"0"	"0"	""	""	"60in x 100ft"	"1in x 1in 14 Gauge"	""	""	""	"15"	"15"	"61"	""	""	""	"8"	"8"	"0"	"0"	""	"1"	""	""	"0"	"0"	"0.00"	"0.00"	"0.00"	"0.00"	"0.00"	"0"	"0"	"0.00"	"0.00"	"0.00"	"0.00"	"0.00"	"0"	"0"	"0.00"	"0.00"	"0.00"	"0.00"	"0.00"	"0"	"0"	"0.00"	"0.00"	"0.00"	"0.00"	"0.00"	""	""	"0"	"WW111460G"	"WWF"
"43212"	"Galvanized Welded Wire"	""	"WW4412548"	""	"0.00"	"0.00"	""	""	""	"1"	"1"	"1"	""	""	""	""	""	""	""	""	""	""	""	""	""	"0"	"0"	""	""	"1"	""	""	"0"	"0"	"0.00"	"0.00"	"0.00"	"0.00"	"0.00"	"0"	"0"	"0.00"	"0.00"	"0.00"	"0.00"	"0.00"	"0"	"0"	"0.00"	"0.00"	"0.00"	"0.00"	"0.00"	"0"	"0"	"0.00"	"0.00"	"0.00"	"0.00"	"0.00"	""	""	"1"	""	""
"43213"	"Fixed Knot - Galvanized"	"Galvanized"	"WW4412548330"	""	""	"375.00"	""	""	"247.00"	"0"	"0"	"1"	""	"4in x 4in"	"48in x 330ft 12.5 Gauge"	""	""	""	""	""	""	""	""	""	""	"0"	"0"	""	""	"1"	""	""	"0"	"0"	"0.00"	"0.00"	"0.00"	"0.00"	"0.00"	"0"	"0"	"0.00"	"0.00"	"0.00"	"0.00"	"0.00"	"0"	"0"	"0.00"	"0.00"	"0.00"	"0.00"	"0.00"	"0"	"0"	"0.00"	"0.00"	"0.00"	"0.00"	"0.00"	""	""	"0"	"WW4412548"	"WWF"
"43762"	"Welded Wire - Galvanized"	"Galvanized"	"WW23165048"	"0.00"	"0.00"	"65.00"	"0.00"	""	"20.00"	"1"	"0"	"1"	"1"	"48in x 50ft"	"2in x 3in 16 Gauge"	""	""	""	"8"	"8"	"48"	""	""	""	"34"	"34"	"0"	"0"	""	"1"	""	""	"0"	"0"	"0.00"	"0.00"	"0.00"	"0.00"	"0.00"	"0"	"0"	"0.00"	"0.00"	"0.00"	"0.00"	"0.00"	"0"	"0"	"0.00"	"0.00"	"0.00"	"0.00"	"0.00"	"0"	"0"	"0.00"	"0.00"	"0.00"	"0.00"	"0.00"	""	""	"0"	"WW231648G"	"WWF"
"43763"	"Welded Wire - Galvanized"	""	"WW231648G"	"0.00"	"0.00"	"0.00"	"0.00"	"0.00"	"0.00"	"1"	"1"	"1"	""	""	""	""	""	""	""	""	""	""	""	""	"0"	"0"	"0"	"0"	"0"	"1"	""	""	"0"	"0"	"0.00"	"0.00"	"0.00"	"0.00"	"0.00"	"0"	"0"	"0.00"	"0.00"	"0.00"	"0.00"	"0.00"	"0"	"0"	"0.00"	"0.00"	"0.00"	"0.00"	"0.00"	"0"	"0"	"0.00"	"0.00"	"0.00"	"0.00"	"0.00"	""	""	"1"	""	"WWF"
"43796"	"Welded Wire - Galvanized"	"Galvanized"	"WW23165036"	"0.00"	"0.00"	"55.00"	"0.00"	""	"15.00"	"1"	"0"	"1"	"1"	"36in x 50ft"	"2in x 3in 16 Gauge"	""	""	""	"8"	"8"	"36"	""	""	""	"32"	"32"	"0"	"0"	""	"1"	""	""	"0"	"0"	"0.00"	"0.00"	"0.00"	"0.00"	"0.00"	"0"	"0"	"0.00"	"0.00"	"0.00"	"0.00"	"0.00"	"0"	"0"	"0.00"	"0.00"	"0.00"	"0.00"	"0.00"	"0"	"0"	"0.00"	"0.00"	"0.00"	"0.00"	"0.00"	""	""	"0"	"WW231648G"	"WWF"
"43797"	"Welded Wire - Galvanized"	""	"WW231636"	"0.00"	"0.00"	"0.00"	"0.00"	"0.00"	"0.00"	"1"	"1"	"1"	""	""	""	""	""	""	""	""	""	""	""	""	"20"	"20"	"0"	"0"	"0"	"1"	""	""	"0"	"0"	"0.00"	"0.00"	"0.00"	"0.00"	"0.00"	"0"	"0"	"0.00"	"0.00"	"0.00"	"0.00"	"0.00"	"0"	"0"	"0.00"	"0.00"	"0.00"	"0.00"	"0.00"	"0"	"0"	"0.00"	"0.00"	"0.00"	"0.00"	"0.00"	""	""	"1"	"WW231636G"	"WWF"
	
