"product_id","product_name","seo_name","desc_short","desc_long","color","item_no","master_model","parent","cat_id_fk","list","cost","price","ws_price","ex_price","weight_lbs","shipable","size","size_ln","size_wt","size_ht","inv_stocked","inv_eastorange","inv_orange","inv_processing","inv_ordered","inv_ordered_expect","img_small","img_large","supplier","ext_domain","featured","enabled","creation","modified","inv_mod","mod_by","product_assoc","alt_length","alt_width","alt_height","ship_length","ship_width","ship_height","nominal_length","nominal_width","nominal_height","product_relatives","meta_title","meta_keywords","add_keywords","meta_description","display_size_2","free_shipping","special_shipping","amount_per_box","class"
"2606","Stockade 3/4 in #1 Grade ","stockade-3/4-in-1-grade-4ft-h-x-8ft-w-spruce",NULL,NULL,"Spruce","AFCSKS48",NULL,"AFCSTOCK",NULL,NULL,"37.00","46.00",NULL,NULL,"60.00","0","4ft H x 8ft W ",NULL,NULL,NULL,NULL,"0","0",NULL,NULL,NULL,"10124stockade_thumb.gif","930415stockade_sm.jpg",NULL,NULL,NULL,"1","2010-04-22 13:55:12","2013-04-10 10:24:37","0000-00-00","32","--FLAT POSTS - 4in x 4in--,PSFL72,PSFL84,PSFL96,PSFL108,PSFL120,--FRENCH GOTHIC POSTS - 4in x 4in--,PSFG72,PSFG84,PSFG96,PSFG108,PSFG120,--FRENCH GOTHIC POSTS - 5in x 5in--,PSFG596,PSFG5120,PSFG5144,--FLAT CAPS - 4in--,4F-P,4FD-P,VC-2,--BALL CAPS - 4in--,4B-P,4BD-P,VC-9,--PYRAMID CAPS - 4in--,4P-P,4PD-P,VC-1,--SINGLE GATE - (includes hardware)--,SGSKSOTFT436,SGSKSOTFT442,SGSKSOTFT448,SGSKSOTFT460,SGSKSOTFT472,--DOUBLE GATE - (includes hardware)--,DGSKSOTFT472,DGSKSOTFT496,DGSKSOTFT4120,DGSKSOTFT4144,--ACCESSORIES--,AWFGL,AWFSH,AWFSL,AWFTH,AWFTL,AWFHL8,AWFPPH","96",NULL,"48",NULL,NULL,NULL,NULL,NULL,NULL,"SPCC35,AWFTH,AWFGL,WFHWDB,SPCCP40",NULL,NULL,NULL,NULL,NULL,NULL,NULL,NULL,NULL
"2607","Stockade 3/4 in #1 Grade","stockade-3/4-in-1-grade-5ft-h-x-8ft-w-spruce",NULL,NULL,"Spruce","AFCSKS60",NULL,"AFCSTOCK",NULL,NULL,"40.00","50.00",NULL,NULL,"75.00","0","5ft H x 8ft W",NULL,NULL,NULL,NULL,"0","0",NULL,NULL,NULL,"414124stockade_thumb.gif","404415stockade_sm.jpg",NULL,NULL,NULL,"1","2010-04-22 13:56:33","2013-04-10 10:24:53","0000-00-00","32","--FLAT POSTS - 4in x 4in--,PSFL72,PSFL84,PSFL96,PSFL108,PSFL120,--FRENCH GOTHIC POSTS - 4in x 4in--,PSFG72,PSFG84,PSFG96,PSFG108,PSFG120,--FRENCH GOTHIC POSTS - 5in x 5in--,PSFG596,PSFG5120,PSFG5144,--FLAT CAPS - 4in--,4F-P,4FD-P,VC-2,--BALL CAPS - 4in--,4B-P,4BD-P,VC-9,--PYRAMID CAPS - 4in--,4P-P,4PD-P,VC-1,--SINGLE GATE - (includes hardware)--,SGSKSOTFT536,SGSKSOTFT542,SGSKSOTFT548,SGSKSOTFT560,SGSKSOTFT572,--DOUBLE GATE - (includes hardware)--,DGSKSOTFT572,DGSKSOTFT596,DGSKSOTFT5120,DGSKSOTFT5144,--ACCESSORIES--,AWFGL,AWFSH,AWFSL,AWFTH,AWFTL,AWFHL8,AWFPPH","96",NULL,"60",NULL,NULL,NULL,NULL,NULL,NULL,"SPCC35,AWFTH,AWFGL,WFHWDB,SPCCP40",NULL,NULL,NULL,NULL,NULL,NULL,NULL,NULL,NULL
"2608","Stockade 3/4 in #1 Grade","stockade-3/4-in-1-grade-6ft-h-x-8ft-w-spruce",NULL,NULL,"Spruce","AFCSKS72",NULL,"AFCSTOCK",NULL,NULL,"47.00","54.00",NULL,NULL,"95.00","0","6ft H x 8ft W",NULL,NULL,NULL,NULL,"0","0",NULL,NULL,NULL,"124stockade_thumb.gif","415stockade_sm.jpg",NULL,NULL,NULL,"1","2010-04-22 13:57:31","2013-04-10 10:25:12","0000-00-00","32","--FLAT POSTS - 4in x 4in--,PSFL84,PSFL96,PSFL108,PSFL120,--FRENCH GOTHIC POSTS - 4in x 4in--,PSFG84,PSFG96,PSFG108,PSFG120,--FRENCH GOTHIC POSTS - 5in x 5in--,PSFG596,PSFG5120,PSFG5144,--FLAT CAPS - 4in--,4F-P,4FD-P,VC-2,--BALL CAPS - 4in--,4B-P,4BD-P,VC-9,--PYRAMID CAPS - 4in--,4P-P,4PD-P,VC-1,--SINGLE GATE - (includes hardware)--,SGSKSOTFT636,SGSKSOTFT642,SGSKSOTFT648,SGSKSOTFT660,SGSKSOTFT672,--DOUBLE GATE - (includes hardware)--,DGSKSOTFT672,DGSKSOTFT696,DGSKSOTFT6120,DGSKSOTFT6144,--ACCESSORIES--,AWFGL,AWFSH,AWFSL,AWFTH,AWFTL,AWFHL8,AWFPPH","96",NULL,"72",NULL,NULL,NULL,NULL,NULL,NULL,"SPCC35,AWFTH,AWFGL,WFHWDB,SPCCP40",NULL,NULL,NULL,NULL,NULL,NULL,NULL,NULL,NULL
"2609","Stockade 3/4 in #1 Grade","stockade-3/4-in-1-grade-8ft-h-x-8ft-w-spruce",NULL,NULL,"Spruce","AFCSKS96","0","AFCSTOCK",NULL,NULL,"65.00","90.00",NULL,NULL,"135.00","0","8ft H x 8ft W",NULL,NULL,NULL,NULL,"0","0",NULL,NULL,NULL,"153124stockade_thumb.gif","876415stockade_sm.jpg",NULL,NULL,NULL,"1","2010-04-22 14:00:22","2013-10-24 13:02:38","0000-00-00","3","--FLAT POSTS - 4in x 4in--,PSFL108,PSFL120,--FRENCH GOTHIC POSTS - 4in x 4in--,PSFG108,PSFG120,--FRENCH GOTHIC POSTS - 5in x 5in--,PSFG596,PSFG5120,PSFG5144,--FLAT CAPS - 4in--,4F-P,4FD-P,VC-2,--BALL CAPS - 4in--,4B-P,4BD-P,VC-9,--PYRAMID CAPS - 4in--,4P-P,4PD-P,VC-1,--SINGLE GATE - (includes hardware)--,SGSKSOTFT836,SGSKSOTFT842,SGSKSOTFT848,SGSKSOTFT860,SGSKSOTFT872,--DOUBLE GATE - (includes hardware)--,DGSKSOTFT872,DGSKSOTFT896,DGSKSOTFT8120,DGSKSOTFT8144,--ACCESSORIES--,AWFGL,AWFSH,AWFSL,AWFTH,AWFTL,AWFHL8,AWFPPH","96",,"96",,,,,,,NULL,NULL,NULL,NULL,NULL,,"0",NULL,NULL,NULL
"16326","Single Gate Stockade SOT ","single-gate-stockade-sot-3ft-h-x-3ft-w-100percent-cedar",NULL,NULL,"100% Spruce","SGSKSOTFT336",NULL,NULL,NULL,NULL,NULL,"165.00",NULL,NULL,"55.00","0","3ft H x 3ft W",NULL,NULL,NULL,NULL,"0","0",NULL,NULL,NULL,NULL,NULL,NULL,NULL,NULL,"1",NULL,NULL,"0000-00-00",NULL,NULL,NULL,NULL,NULL,NULL,NULL,NULL,NULL,NULL,NULL,NULL,NULL,NULL,NULL,NULL,NULL,NULL,NULL,NULL,NULL
"16327","Single Gate Stockade SOT ","single-gate-stockade-sot-3ft-h-x-3-1/2-w-100percent-cedar",NULL,NULL,"100% Spruce","SGSKSOTFT342",NULL,NULL,NULL,NULL,NULL,"165.00",NULL,NULL,"55.00","0","3ft H x 3 1/2 W",NULL,NULL,NULL,NULL,"0","0",NULL,NULL,NULL,NULL,NULL,NULL,NULL,NULL,"1",NULL,NULL,"0000-00-00",NULL,NULL,NULL,NULL,NULL,NULL,NULL,NULL,NULL,NULL,NULL,NULL,NULL,NULL,NULL,NULL,NULL,NULL,NULL,NULL,NULL
"16328","Single Gate Stockade SOT ","single-gate-stockade-sot-3ft-h-x-4ft-w-100percent-cedar",NULL,NULL,"100% Spruce","SGSKSOTFT348",NULL,NULL,NULL,NULL,NULL,"165.00",NULL,NULL,"55.00","0","3ft H x 4ft W",NULL,NULL,NULL,NULL,"0","0",NULL,NULL,NULL,NULL,NULL,NULL,NULL,NULL,"1",NULL,NULL,"0000-00-00",NULL,NULL,NULL,NULL,NULL,NULL,NULL,NULL,NULL,NULL,NULL,NULL,NULL,NULL,NULL,NULL,NULL,NULL,NULL,NULL,NULL
"16329","Single Gate Stockade SOT ","single-gate-stockade-sot-3ft-h-x-5ft-w-100percent-cedar",NULL,NULL,"100% Spruce","SGSKSOTFT360",NULL,NULL,NULL,NULL,NULL,"185.00",NULL,NULL,"55.00","0","3ft H x 5ft W",NULL,NULL,NULL,NULL,"0","0",NULL,NULL,NULL,NULL,NULL,NULL,NULL,NULL,"1",NULL,NULL,"0000-00-00",NULL,NULL,NULL,NULL,NULL,NULL,NULL,NULL,NULL,NULL,NULL,NULL,NULL,NULL,NULL,NULL,NULL,NULL,NULL,NULL,NULL
"16330","Single Gate Stockade SOT ","single-gate-stockade-sot-3ft-h-x-6ft-w-100percent-cedar",NULL,NULL,"100% Spruce","SGSKSOTFT372",NULL,NULL,NULL,NULL,NULL,"200.00",NULL,NULL,"55.00","0","3ft H x 6ft W",NULL,NULL,NULL,NULL,"0","0",NULL,NULL,NULL,NULL,NULL,NULL,NULL,NULL,"1",NULL,NULL,"0000-00-00",NULL,NULL,NULL,NULL,NULL,NULL,NULL,NULL,NULL,NULL,NULL,NULL,NULL,NULL,NULL,NULL,NULL,NULL,NULL,NULL,NULL
"16331","Double Gate Stockade SOT ","double-gate-stockade-sot-3ft-h-x-6-ft-w-100percent-cedar",NULL,NULL,"100% Spruce","DGSKSOTFT372",NULL,NULL,NULL,NULL,NULL,"365.00",NULL,NULL,"55.00","0","3ft H x 6ft W",NULL,NULL,NULL,NULL,"0","0",NULL,NULL,NULL,NULL,NULL,NULL,NULL,NULL,"1",NULL,NULL,"0000-00-00",NULL,NULL,NULL,NULL,NULL,NULL,NULL,NULL,NULL,NULL,NULL,NULL,NULL,NULL,NULL,NULL,NULL,NULL,NULL,NULL,NULL
"16332","Double Gate Stockade SOT ","double-gate-stockade-sot-3ft-h-x-7ft-w-100percent-cedar",NULL,NULL,"100% Spruce","DGSKSOTFT384",NULL,NULL,NULL,NULL,NULL,"365.00",NULL,NULL,"55.00","0","3ft H x 7ft W",NULL,NULL,NULL,NULL,"0","0",NULL,NULL,NULL,NULL,NULL,NULL,NULL,NULL,"1",NULL,NULL,"0000-00-00",NULL,NULL,NULL,NULL,NULL,NULL,NULL,NULL,NULL,NULL,NULL,NULL,NULL,NULL,NULL,NULL,NULL,NULL,NULL,NULL,NULL
"16333","Double Gate Stockade SOT ","double-gate-stockade-sot-3ft-h-x-8ft-w-100percent-cedar",NULL,NULL,"100% Spruce","DGSKSOTFT396",NULL,NULL,NULL,NULL,NULL,"365.00",NULL,NULL,"55.00","0","3ft H x 8ft W",NULL,NULL,NULL,NULL,"0","0",NULL,NULL,NULL,NULL,NULL,NULL,NULL,NULL,"1",NULL,NULL,"0000-00-00",NULL,NULL,NULL,NULL,NULL,NULL,NULL,NULL,NULL,NULL,NULL,NULL,NULL,NULL,NULL,NULL,NULL,NULL,NULL,NULL,NULL
"16334","Double Gate Stockade SOT ","double-gate-stockade-sot-3ft-h-x-9ft-w-100percent-cedar",NULL,NULL,"100% Spruce","DGSKSOTFT3108",NULL,NULL,NULL,NULL,NULL,"365.00",NULL,NULL,"55.00","0","3ft H x 9ft W",NULL,NULL,NULL,NULL,"0","0",NULL,NULL,NULL,NULL,NULL,NULL,NULL,NULL,"1",NULL,NULL,"0000-00-00",NULL,NULL,NULL,NULL,NULL,NULL,NULL,NULL,NULL,NULL,NULL,NULL,NULL,NULL,NULL,NULL,NULL,NULL,NULL,NULL,NULL
"16335","Double Gate Stockade SOT ","double-gate-stockade-sot-3ft-h-x-10ft-w-100percent-cedar",NULL,NULL,"100% Spruce","DGSKSOTFT3120",NULL,NULL,NULL,NULL,NULL,"395.00",NULL,NULL,"55.00","0","3ft H x 10ft W",NULL,NULL,NULL,NULL,"0","0",NULL,NULL,NULL,NULL,NULL,NULL,NULL,NULL,"1",NULL,NULL,"0000-00-00",NULL,NULL,NULL,NULL,NULL,NULL,NULL,NULL,NULL,NULL,NULL,NULL,NULL,NULL,NULL,NULL,NULL,NULL,NULL,NULL,NULL
"16336","Double Gate Stockade SOT ","double-gate-stockade-sot-3ft-h-x-11ft-w-100percent-cedar",NULL,NULL,"100% Spruce","DGSKSOTFT3132",NULL,NULL,NULL,NULL,NULL,"395.00",NULL,NULL,"55.00","0","3ft H x 11ft W",NULL,NULL,NULL,NULL,"0","0",NULL,NULL,NULL,NULL,NULL,NULL,NULL,NULL,"1",NULL,NULL,"0000-00-00",NULL,NULL,NULL,NULL,NULL,NULL,NULL,NULL,NULL,NULL,NULL,NULL,NULL,NULL,NULL,NULL,NULL,NULL,NULL,NULL,NULL
"16337","Double Gate Stockade SOT ","double-gate-stockade-sot-3ft-h-x-12ft-w-100percent-cedar",NULL,NULL,"100% Spruce","DGSKSOTFT3144",NULL,NULL,NULL,NULL,NULL,"425.00",NULL,NULL,"55.00","0","3ft H x 12ft W",NULL,NULL,NULL,NULL,"0","0",NULL,NULL,NULL,NULL,NULL,NULL,NULL,NULL,"1",NULL,NULL,"0000-00-00",NULL,NULL,NULL,NULL,NULL,NULL,NULL,NULL,NULL,NULL,NULL,NULL,NULL,NULL,NULL,NULL,NULL,NULL,NULL,NULL,NULL
"16338","Single Gate Stockade SOT ","single-gate-stockade-sot-3-1/2ft-h-x-3ft-w-100percent-cedar",NULL,NULL,"100% Spruce","SGSKSOTFT4236",NULL,NULL,NULL,NULL,NULL,"165.00",NULL,NULL,"55.00","0","3 1/2ft H x 3ft W",NULL,NULL,NULL,NULL,"0","0",NULL,NULL,NULL,NULL,NULL,NULL,NULL,NULL,"1",NULL,NULL,"0000-00-00",NULL,NULL,NULL,NULL,NULL,NULL,NULL,NULL,NULL,NULL,NULL,NULL,NULL,NULL,NULL,NULL,NULL,NULL,NULL,NULL,NULL
"16339","Single Gate Stockade SOT ","single-gate-stockade-sot-3-1/2ft-h-x-3-1/2-w-100percent-cedar",NULL,NULL,"100% Spruce","SGSKSOTFT4242",NULL,NULL,NULL,NULL,NULL,"165.00",NULL,NULL,"55.00","0","3 1/2ft H x 3 1/2 W",NULL,NULL,NULL,NULL,"0","0",NULL,NULL,NULL,NULL,NULL,NULL,NULL,NULL,"1",NULL,NULL,"0000-00-00",NULL,NULL,NULL,NULL,NULL,NULL,NULL,NULL,NULL,NULL,NULL,NULL,NULL,NULL,NULL,NULL,NULL,NULL,NULL,NULL,NULL
"16340","Single Gate Stockade SOT ","single-gate-stockade-sot-3-1/2ft-h-x-4ft-w-100percent-cedar",NULL,NULL,"100% Spruce","SGSKSOTFT4248",NULL,NULL,NULL,NULL,NULL,"165.00",NULL,NULL,"55.00","0","3 1/2ft H x 4ft W",NULL,NULL,NULL,NULL,"0","0",NULL,NULL,NULL,NULL,NULL,NULL,NULL,NULL,"1",NULL,NULL,"0000-00-00",NULL,NULL,NULL,NULL,NULL,NULL,NULL,NULL,NULL,NULL,NULL,NULL,NULL,NULL,NULL,NULL,NULL,NULL,NULL,NULL,NULL
"16341","Single Gate Stockade SOT ","single-gate-stockade-sot-3-1/2ft-h-x-5ft-w-100percent-cedar",NULL,NULL,"100% Spruce","SGSKSOTFT4260",NULL,NULL,NULL,NULL,NULL,"185.00",NULL,NULL,"55.00","0","3 1/2ft H x 5ft W",NULL,NULL,NULL,NULL,"0","0",NULL,NULL,NULL,NULL,NULL,NULL,NULL,NULL,"1",NULL,NULL,"0000-00-00",NULL,NULL,NULL,NULL,NULL,NULL,NULL,NULL,NULL,NULL,NULL,NULL,NULL,NULL,NULL,NULL,NULL,NULL,NULL,NULL,NULL
"16342","Single Gate Stockade SOT ","single-gate-stockade-sot-3-1/2ft-h-x-6ft-w-100percent-cedar",NULL,NULL,"100% Spruce","SGSKSOTFT4272",NULL,NULL,NULL,NULL,NULL,"200.00",NULL,NULL,"55.00","0","3 1/2ft H x 6ft W",NULL,NULL,NULL,NULL,"0","0",NULL,NULL,NULL,NULL,NULL,NULL,NULL,NULL,"1",NULL,NULL,"0000-00-00",NULL,NULL,NULL,NULL,NULL,NULL,NULL,NULL,NULL,NULL,NULL,NULL,NULL,NULL,NULL,NULL,NULL,NULL,NULL,NULL,NULL
"16343","Double Gate Stockade SOT ","double-gate-stockade-sot-3-1/2ft-h-x6-ft-w-100percent-cedar",NULL,NULL,"100% Spruce","DGSKSOTFT4272",NULL,NULL,NULL,NULL,NULL,"365.00",NULL,NULL,"55.00","0","3 1/2ft H x 6ft W",NULL,NULL,NULL,NULL,"0","0",NULL,NULL,NULL,NULL,NULL,NULL,NULL,NULL,"1",NULL,NULL,"0000-00-00",NULL,NULL,NULL,NULL,NULL,NULL,NULL,NULL,NULL,NULL,NULL,NULL,NULL,NULL,NULL,NULL,NULL,NULL,NULL,NULL,NULL
"16344","Double Gate Stockade SOT ","double-gate-stockade-sot-3-1/2ft-h-x-7ft-w-100percent-cedar",NULL,NULL,"100% Spruce","DGSKSOTFT4284",NULL,NULL,NULL,NULL,NULL,"365.00",NULL,NULL,"55.00","0","3 1/2ft H x 7ft W",NULL,NULL,NULL,NULL,"0","0",NULL,NULL,NULL,NULL,NULL,NULL,NULL,NULL,"1",NULL,NULL,"0000-00-00",NULL,NULL,NULL,NULL,NULL,NULL,NULL,NULL,NULL,NULL,NULL,NULL,NULL,NULL,NULL,NULL,NULL,NULL,NULL,NULL,NULL
"16345","Double Gate Stockade SOT ","double-gate-stockade-sot-3-1/2ft-h-x-8ft-w-100percent-cedar",NULL,NULL,"100% Spruce","DGSKSOTFT4296",NULL,NULL,NULL,NULL,NULL,"365.00",NULL,NULL,"55.00","0","3 1/2ft H x 8ft W",NULL,NULL,NULL,NULL,"0","0",NULL,NULL,NULL,NULL,NULL,NULL,NULL,NULL,"1",NULL,NULL,"0000-00-00",NULL,NULL,NULL,NULL,NULL,NULL,NULL,NULL,NULL,NULL,NULL,NULL,NULL,NULL,NULL,NULL,NULL,NULL,NULL,NULL,NULL
"16346","Double Gate Stockade SOT ","double-gate-stockade-sot-3-1/2ft-h-x-9ft-w-100percent-cedar",NULL,NULL,"100% Spruce","DGSKSOTFT42108",NULL,NULL,NULL,NULL,NULL,"365.00",NULL,NULL,"55.00","0","3 1/2ft H x 9ft W",NULL,NULL,NULL,NULL,"0","0",NULL,NULL,NULL,NULL,NULL,NULL,NULL,NULL,"1",NULL,NULL,"0000-00-00",NULL,NULL,NULL,NULL,NULL,NULL,NULL,NULL,NULL,NULL,NULL,NULL,NULL,NULL,NULL,NULL,NULL,NULL,NULL,NULL,NULL
"16347","Double Gate Stockade SOT ","double-gate-stockade-sot-3-1/2ft-h-x-10ft-w-100percent-cedar",NULL,NULL,"100% Spruce","DGSKSOTFT42120",NULL,NULL,NULL,NULL,NULL,"395.00",NULL,NULL,"55.00","0","3 1/2ft H x 10ft W",NULL,NULL,NULL,NULL,"0","0",NULL,NULL,NULL,NULL,NULL,NULL,NULL,NULL,"1",NULL,NULL,"0000-00-00",NULL,NULL,NULL,NULL,NULL,NULL,NULL,NULL,NULL,NULL,NULL,NULL,NULL,NULL,NULL,NULL,NULL,NULL,NULL,NULL,NULL
"16348","Double Gate Stockade SOT ","double-gate-stockade-sot-3-1/2ft-h-x-11ft-w-100percent-cedar",NULL,NULL,"100% Spruce","DGSKSOTFT42132",NULL,NULL,NULL,NULL,NULL,"395.00",NULL,NULL,"55.00","0","3 1/2ft H x 11ft W",NULL,NULL,NULL,NULL,"0","0",NULL,NULL,NULL,NULL,NULL,NULL,NULL,NULL,"1",NULL,NULL,"0000-00-00",NULL,NULL,NULL,NULL,NULL,NULL,NULL,NULL,NULL,NULL,NULL,NULL,NULL,NULL,NULL,NULL,NULL,NULL,NULL,NULL,NULL
"16349","Double Gate Stockade SOT ","double-gate-stockade-sot-3-1/2ft-h-x-12ft-w-100percent-cedar",NULL,NULL,"100% Spruce","DGSKSOTFT42144",NULL,NULL,NULL,NULL,NULL,"425.00",NULL,NULL,"55.00","0","3 1/2ft H x 12ft W",NULL,NULL,NULL,NULL,"0","0",NULL,NULL,NULL,NULL,NULL,NULL,NULL,NULL,"1",NULL,NULL,"0000-00-00",NULL,NULL,NULL,NULL,NULL,NULL,NULL,NULL,NULL,NULL,NULL,NULL,NULL,NULL,NULL,NULL,NULL,NULL,NULL,NULL,NULL
"16350","Single Gate Stockade SOT ","single-gate-stockade-sot-4ft-h-x-3ft-w-100percent-cedar",NULL,NULL,"100% Spruce","SGSKSOTFT436",NULL,NULL,NULL,NULL,NULL,"165.00",NULL,NULL,"60.00","0","4ft H x 3ft W",NULL,NULL,NULL,NULL,"0","0",NULL,NULL,NULL,NULL,NULL,NULL,NULL,NULL,"1",NULL,NULL,"0000-00-00",NULL,NULL,NULL,NULL,NULL,NULL,NULL,NULL,NULL,NULL,NULL,NULL,NULL,NULL,NULL,NULL,NULL,NULL,NULL,NULL,NULL
"16351","Single Gate Stockade SOT ","single-gate-stockade-sot-4ft-h-x-3-1/2-w-100percent-cedar",NULL,NULL,"100% Spruce","SGSKSOTFT442",NULL,NULL,NULL,NULL,NULL,"165.00",NULL,NULL,"60.00","0","4ft H x 3 1/2 W",NULL,NULL,NULL,NULL,"0","0",NULL,NULL,NULL,NULL,NULL,NULL,NULL,NULL,"1",NULL,NULL,"0000-00-00",NULL,NULL,NULL,NULL,NULL,NULL,NULL,NULL,NULL,NULL,NULL,NULL,NULL,NULL,NULL,NULL,NULL,NULL,NULL,NULL,NULL
"16352","Single Gate Stockade SOT ","single-gate-stockade-sot-4ft-h-x-4ft-w-100percent-cedar",NULL,NULL,"100% Spruce","SGSKSOTFT448",NULL,NULL,NULL,NULL,NULL,"165.00",NULL,NULL,"60.00","0","4ft H x 4ft W",NULL,NULL,NULL,NULL,"0","0",NULL,NULL,NULL,NULL,NULL,NULL,NULL,NULL,"1",NULL,NULL,"0000-00-00",NULL,NULL,NULL,NULL,NULL,NULL,NULL,NULL,NULL,NULL,NULL,NULL,NULL,NULL,NULL,NULL,NULL,NULL,NULL,NULL,NULL
"16353","Single Gate Stockade SOT ","single-gate-stockade-sot-4ft-h-x-5ft-w-100percent-cedar",NULL,NULL,"100% Spruce","SGSKSOTFT460",NULL,NULL,NULL,NULL,NULL,"185.00",NULL,NULL,"60.00","0","4ft H x 5ft W",NULL,NULL,NULL,NULL,"0","0",NULL,NULL,NULL,NULL,NULL,NULL,NULL,NULL,"1",NULL,NULL,"0000-00-00",NULL,NULL,NULL,NULL,NULL,NULL,NULL,NULL,NULL,NULL,NULL,NULL,NULL,NULL,NULL,NULL,NULL,NULL,NULL,NULL,NULL
"16354","Single Gate Stockade SOT ","single-gate-stockade-sot-4ft-h-x-6ft-w-100percent-cedar",NULL,NULL,"100% Spruce","SGSKSOTFT472",NULL,NULL,NULL,NULL,NULL,"200.00",NULL,NULL,"60.00","0","4ft H x 6ft W",NULL,NULL,NULL,NULL,"0","0",NULL,NULL,NULL,NULL,NULL,NULL,NULL,NULL,"1",NULL,NULL,"0000-00-00",NULL,NULL,NULL,NULL,NULL,NULL,NULL,NULL,NULL,NULL,NULL,NULL,NULL,NULL,NULL,NULL,NULL,NULL,NULL,NULL,NULL
"16355","Double Gate Stockade SOT ","double-gate-stockade-sot-4ft-h-x6-ft-w-100percent-cedar",NULL,NULL,"100% Spruce","DGSKSOTFT472",NULL,NULL,NULL,NULL,NULL,"365.00",NULL,NULL,"60.00","0","4ft H x 6ft W",NULL,NULL,NULL,NULL,"0","0",NULL,NULL,NULL,NULL,NULL,NULL,NULL,NULL,"1",NULL,NULL,"0000-00-00",NULL,NULL,NULL,NULL,NULL,NULL,NULL,NULL,NULL,NULL,NULL,NULL,NULL,NULL,NULL,NULL,NULL,NULL,NULL,NULL,NULL
"16356","Double Gate Stockade SOT ","double-gate-stockade-sot-4ft-h-x-7ft-w-100percent-cedar",NULL,NULL,"100% Spruce","DGSKSOTFT484",NULL,NULL,NULL,NULL,NULL,"365.00",NULL,NULL,"60.00","0","4ft H x 7ft W",NULL,NULL,NULL,NULL,"0","0",NULL,NULL,NULL,NULL,NULL,NULL,NULL,NULL,"1",NULL,NULL,"0000-00-00",NULL,NULL,NULL,NULL,NULL,NULL,NULL,NULL,NULL,NULL,NULL,NULL,NULL,NULL,NULL,NULL,NULL,NULL,NULL,NULL,NULL
"16357","Double Gate Stockade SOT ","double-gate-stockade-sot-4ft-h-x-8ft-w-100percent-cedar",NULL,NULL,"100% Spruce","DGSKSOTFT496",NULL,NULL,NULL,NULL,NULL,"365.00",NULL,NULL,"60.00","0","4ft H x 8ft W",NULL,NULL,NULL,NULL,"0","0",NULL,NULL,NULL,NULL,NULL,NULL,NULL,NULL,"1",NULL,NULL,"0000-00-00",NULL,NULL,NULL,NULL,NULL,NULL,NULL,NULL,NULL,NULL,NULL,NULL,NULL,NULL,NULL,NULL,NULL,NULL,NULL,NULL,NULL
"16358","Double Gate Stockade SOT ","double-gate-stockade-sot-4ft-h-x-9ft-w-100percent-cedar",NULL,NULL,"100% Spruce","DGSKSOTFT4108",NULL,NULL,NULL,NULL,NULL,"365.00",NULL,NULL,"60.00","0","4ft H x 9ft W",NULL,NULL,NULL,NULL,"0","0",NULL,NULL,NULL,NULL,NULL,NULL,NULL,NULL,"1",NULL,NULL,"0000-00-00",NULL,NULL,NULL,NULL,NULL,NULL,NULL,NULL,NULL,NULL,NULL,NULL,NULL,NULL,NULL,NULL,NULL,NULL,NULL,NULL,NULL
"16359","Double Gate Stockade SOT ","double-gate-stockade-sot-4ft-h-x-10ft-w-100percent-cedar",NULL,NULL,"100% Spruce","DGSKSOTFT4120",NULL,NULL,NULL,NULL,NULL,"395.00",NULL,NULL,"60.00","0","4ft H x 10ft W",NULL,NULL,NULL,NULL,"0","0",NULL,NULL,NULL,NULL,NULL,NULL,NULL,NULL,"1",NULL,NULL,"0000-00-00",NULL,NULL,NULL,NULL,NULL,NULL,NULL,NULL,NULL,NULL,NULL,NULL,NULL,NULL,NULL,NULL,NULL,NULL,NULL,NULL,NULL
"16360","Double Gate Stockade SOT ","double-gate-stockade-sot-4ft-h-x-11ft-w-100percent-cedar",NULL,NULL,"100% Spruce","DGSKSOTFT4132",NULL,NULL,NULL,NULL,NULL,"395.00",NULL,NULL,"60.00","0","4ft H x 11ft W",NULL,NULL,NULL,NULL,"0","0",NULL,NULL,NULL,NULL,NULL,NULL,NULL,NULL,"1",NULL,NULL,"0000-00-00",NULL,NULL,NULL,NULL,NULL,NULL,NULL,NULL,NULL,NULL,NULL,NULL,NULL,NULL,NULL,NULL,NULL,NULL,NULL,NULL,NULL
"16361","Double Gate Stockade SOT ","double-gate-stockade-sot-4ft-h-x-12ft-w-100percent-cedar",NULL,NULL,"100% Spruce","DGSKSOTFT4144",NULL,NULL,NULL,NULL,NULL,"425.00",NULL,NULL,"60.00","0","4ft H x 12ft W",NULL,NULL,NULL,NULL,"0","0",NULL,NULL,NULL,NULL,NULL,NULL,NULL,NULL,"1",NULL,NULL,"0000-00-00",NULL,NULL,NULL,NULL,NULL,NULL,NULL,NULL,NULL,NULL,NULL,NULL,NULL,NULL,NULL,NULL,NULL,NULL,NULL,NULL,NULL
"16362","Single Gate Stockade SOT ","single-gate-stockade-sot-5ft-h-x-3ft-w-100percent-cedar",NULL,NULL,"100% Spruce","SGSKSOTFT536",NULL,NULL,NULL,NULL,NULL,"175.00",NULL,NULL,"65.00","0","5ft H x 3ft W",NULL,NULL,NULL,NULL,"0","0",NULL,NULL,NULL,NULL,NULL,NULL,NULL,NULL,"1",NULL,NULL,"0000-00-00",NULL,NULL,NULL,NULL,NULL,NULL,NULL,NULL,NULL,NULL,NULL,NULL,NULL,NULL,NULL,NULL,NULL,NULL,NULL,NULL,NULL
"16363","Single Gate Stockade SOT ","single-gate-stockade-sot-5ft-h-x-3-1/2-w-100percent-cedar",NULL,NULL,"100% Spruce","SGSKSOTFT542",NULL,NULL,NULL,NULL,NULL,"175.00",NULL,NULL,"65.00","0","5ft H x 3 1/2 W",NULL,NULL,NULL,NULL,"0","0",NULL,NULL,NULL,NULL,NULL,NULL,NULL,NULL,"1",NULL,NULL,"0000-00-00",NULL,NULL,NULL,NULL,NULL,NULL,NULL,NULL,NULL,NULL,NULL,NULL,NULL,NULL,NULL,NULL,NULL,NULL,NULL,NULL,NULL
"16364","Single Gate Stockade SOT ","single-gate-stockade-sot-5ft-h-x-4ft-w-100percent-cedar",NULL,NULL,"100% Spruce","SGSKSOTFT548",NULL,NULL,NULL,NULL,NULL,"175.00",NULL,NULL,"65.00","0","5ft H x 4ft W",NULL,NULL,NULL,NULL,"0","0",NULL,NULL,NULL,NULL,NULL,NULL,NULL,NULL,"1",NULL,NULL,"0000-00-00",NULL,NULL,NULL,NULL,NULL,NULL,NULL,NULL,NULL,NULL,NULL,NULL,NULL,NULL,NULL,NULL,NULL,NULL,NULL,NULL,NULL
"16365","Single Gate Stockade SOT ","single-gate-stockade-sot-5ft-h-x-5ft-w-100percent-cedar",NULL,NULL,"100% Spruce","SGSKSOTFT560",NULL,NULL,NULL,NULL,NULL,"195.00",NULL,NULL,"65.00","0","5ft H x 5ft W",NULL,NULL,NULL,NULL,"0","0",NULL,NULL,NULL,NULL,NULL,NULL,NULL,NULL,"1",NULL,NULL,"0000-00-00",NULL,NULL,NULL,NULL,NULL,NULL,NULL,NULL,NULL,NULL,NULL,NULL,NULL,NULL,NULL,NULL,NULL,NULL,NULL,NULL,NULL
"16366","Single Gate Stockade SOT ","single-gate-stockade-sot-5ft-h-x-6ft-w-100percent-cedar",NULL,NULL,"100% Spruce","SGSKSOTFT572",NULL,NULL,NULL,NULL,NULL,"215.00",NULL,NULL,"65.00","0","5ft H x 6ft W",NULL,NULL,NULL,NULL,"0","0",NULL,NULL,NULL,NULL,NULL,NULL,NULL,NULL,"1",NULL,NULL,"0000-00-00",NULL,NULL,NULL,NULL,NULL,NULL,NULL,NULL,NULL,NULL,NULL,NULL,NULL,NULL,NULL,NULL,NULL,NULL,NULL,NULL,NULL
"16367","Double Gate Stockade SOT ","double-gate-stockade-sot-5ft-h-x6-ft-w-100percent-cedar",NULL,NULL,"100% Spruce","DGSKSOTFT572",NULL,NULL,NULL,NULL,NULL,"380.00",NULL,NULL,"65.00","0","5ft H x 6ft W",NULL,NULL,NULL,NULL,"0","0",NULL,NULL,NULL,NULL,NULL,NULL,NULL,NULL,"1",NULL,NULL,"0000-00-00",NULL,NULL,NULL,NULL,NULL,NULL,NULL,NULL,NULL,NULL,NULL,NULL,NULL,NULL,NULL,NULL,NULL,NULL,NULL,NULL,NULL
"16368","Double Gate Stockade SOT ","double-gate-stockade-sot-5ft-h-x-7ft-w-100percent-cedar",NULL,NULL,"100% Spruce","DGSKSOTFT584",NULL,NULL,NULL,NULL,NULL,"380.00",NULL,NULL,"65.00","0","5ft H x 7ft W",NULL,NULL,NULL,NULL,"0","0",NULL,NULL,NULL,NULL,NULL,NULL,NULL,NULL,"1",NULL,NULL,"0000-00-00",NULL,NULL,NULL,NULL,NULL,NULL,NULL,NULL,NULL,NULL,NULL,NULL,NULL,NULL,NULL,NULL,NULL,NULL,NULL,NULL,NULL
"16369","Double Gate Stockade SOT ","double-gate-stockade-sot-5ft-h-x-8ft-w-100percent-cedar",NULL,NULL,"100% Spruce","DGSKSOTFT596",NULL,NULL,NULL,NULL,NULL,"380.00",NULL,NULL,"65.00","0","5ft H x 8ft W",NULL,NULL,NULL,NULL,"0","0",NULL,NULL,NULL,NULL,NULL,NULL,NULL,NULL,"1",NULL,NULL,"0000-00-00",NULL,NULL,NULL,NULL,NULL,NULL,NULL,NULL,NULL,NULL,NULL,NULL,NULL,NULL,NULL,NULL,NULL,NULL,NULL,NULL,NULL
"16370","Double Gate Stockade SOT ","double-gate-stockade-sot-5ft-h-x-9ft-w-100percent-cedar",NULL,NULL,"100% Spruce","DGSKSOTFT5108",NULL,NULL,NULL,NULL,NULL,"380.00",NULL,NULL,"65.00","0","5ft H x 9ft W",NULL,NULL,NULL,NULL,"0","0",NULL,NULL,NULL,NULL,NULL,NULL,NULL,NULL,"1",NULL,NULL,"0000-00-00",NULL,NULL,NULL,NULL,NULL,NULL,NULL,NULL,NULL,NULL,NULL,NULL,NULL,NULL,NULL,NULL,NULL,NULL,NULL,NULL,NULL
"16371","Double Gate Stockade SOT ","double-gate-stockade-sot-5ft-h-x-10ft-w-100percent-cedar",NULL,NULL,"100% Spruce","DGSKSOTFT5120",NULL,NULL,NULL,NULL,NULL,"415.00",NULL,NULL,"65.00","0","5ft H x 10ft W",NULL,NULL,NULL,NULL,"0","0",NULL,NULL,NULL,NULL,NULL,NULL,NULL,NULL,"1",NULL,NULL,"0000-00-00",NULL,NULL,NULL,NULL,NULL,NULL,NULL,NULL,NULL,NULL,NULL,NULL,NULL,NULL,NULL,NULL,NULL,NULL,NULL,NULL,NULL
"16372","Double Gate Stockade SOT ","double-gate-stockade-sot-5ft-h-x-11ft-w-100percent-cedar",NULL,NULL,"100% Spruce","DGSKSOTFT5132",NULL,NULL,NULL,NULL,NULL,"415.00",NULL,NULL,"65.00","0","5ft H x 11ft W",NULL,NULL,NULL,NULL,"0","0",NULL,NULL,NULL,NULL,NULL,NULL,NULL,NULL,"1",NULL,NULL,"0000-00-00",NULL,NULL,NULL,NULL,NULL,NULL,NULL,NULL,NULL,NULL,NULL,NULL,NULL,NULL,NULL,NULL,NULL,NULL,NULL,NULL,NULL
"16373","Double Gate Stockade SOT ","double-gate-stockade-sot-5ft-h-x-12ft-w-100percent-cedar",NULL,NULL,"100% Spruce","DGSKSOTFT5144",NULL,NULL,NULL,NULL,NULL,"450.00",NULL,NULL,"65.00","0","5ft H x 12ft W",NULL,NULL,NULL,NULL,"0","0",NULL,NULL,NULL,NULL,NULL,NULL,NULL,NULL,"1",NULL,NULL,"0000-00-00",NULL,NULL,NULL,NULL,NULL,NULL,NULL,NULL,NULL,NULL,NULL,NULL,NULL,NULL,NULL,NULL,NULL,NULL,NULL,NULL,NULL
"16374","Single Gate Stockade SOT ","single-gate-stockade-sot-6ft-h-x-3ft-w-100percent-cedar",NULL,NULL,"100% Spruce","SGSKSOTFT636",NULL,NULL,NULL,NULL,NULL,"185.00",NULL,NULL,"85.00","0","6ft H x 3ft W",NULL,NULL,NULL,NULL,"0","0",NULL,NULL,NULL,NULL,NULL,NULL,NULL,NULL,"1",NULL,NULL,"0000-00-00",NULL,NULL,NULL,NULL,NULL,NULL,NULL,NULL,NULL,NULL,NULL,NULL,NULL,NULL,NULL,NULL,NULL,NULL,NULL,NULL,NULL
"16375","Single Gate Stockade SOT ","single-gate-stockade-sot-6ft-h-x-3-1/2-w-100percent-cedar",NULL,NULL,"100% Spruce","SGSKSOTFT642",NULL,NULL,NULL,NULL,NULL,"185.00",NULL,NULL,"85.00","0","6ft H x 3 1/2 W",NULL,NULL,NULL,NULL,"0","0",NULL,NULL,NULL,NULL,NULL,NULL,NULL,NULL,"1",NULL,NULL,"0000-00-00",NULL,NULL,NULL,NULL,NULL,NULL,NULL,NULL,NULL,NULL,NULL,NULL,NULL,NULL,NULL,NULL,NULL,NULL,NULL,NULL,NULL
"16376","Single Gate Stockade SOT ","single-gate-stockade-sot-6ft-h-x-4ft-w-100percent-cedar",NULL,NULL,"100% Spruce","SGSKSOTFT648",NULL,NULL,NULL,NULL,NULL,"185.00",NULL,NULL,"85.00","0","6ft H x 4ft W",NULL,NULL,NULL,NULL,"0","0",NULL,NULL,NULL,NULL,NULL,NULL,NULL,NULL,"1",NULL,NULL,"0000-00-00",NULL,NULL,NULL,NULL,NULL,NULL,NULL,NULL,NULL,NULL,NULL,NULL,NULL,NULL,NULL,NULL,NULL,NULL,NULL,NULL,NULL
"16377","Single Gate Stockade SOT ","single-gate-stockade-sot-6ft-h-x-5ft-w-100percent-cedar",NULL,NULL,"100% Spruce","SGSKSOTFT660",NULL,NULL,NULL,NULL,NULL,"200.00",NULL,NULL,"85.00","0","6ft H x 5ft W",NULL,NULL,NULL,NULL,"0","0",NULL,NULL,NULL,NULL,NULL,NULL,NULL,NULL,"1",NULL,NULL,"0000-00-00",NULL,NULL,NULL,NULL,NULL,NULL,NULL,NULL,NULL,NULL,NULL,NULL,NULL,NULL,NULL,NULL,NULL,NULL,NULL,NULL,NULL
"16378","Single Gate Stockade SOT ","single-gate-stockade-sot-6ft-h-x-6ft-w-100percent-cedar",NULL,NULL,"100% Spruce","SGSKSOTFT672",NULL,NULL,NULL,NULL,NULL,"225.00",NULL,NULL,"85.00","0","6ft H x 6ft W",NULL,NULL,NULL,NULL,"0","0",NULL,NULL,NULL,NULL,NULL,NULL,NULL,NULL,"1",NULL,NULL,"0000-00-00",NULL,NULL,NULL,NULL,NULL,NULL,NULL,NULL,NULL,NULL,NULL,NULL,NULL,NULL,NULL,NULL,NULL,NULL,NULL,NULL,NULL
"16379","Double Gate Stockade SOT ","double-gate-stockade-sot-6ft-h-x6-ft-w-100percent-cedar",NULL,NULL,"100% Spruce","DGSKSOTFT672",NULL,NULL,NULL,NULL,NULL,"395.00",NULL,NULL,"85.00","0","6ft H x 6ft W",NULL,NULL,NULL,NULL,"0","0",NULL,NULL,NULL,NULL,NULL,NULL,NULL,NULL,"1",NULL,NULL,"0000-00-00",NULL,NULL,NULL,NULL,NULL,NULL,NULL,NULL,NULL,NULL,NULL,NULL,NULL,NULL,NULL,NULL,NULL,NULL,NULL,NULL,NULL
"16380","Double Gate Stockade SOT ","double-gate-stockade-sot-6ft-h-x-7ft-w-100percent-cedar",NULL,NULL,"100% Spruce","DGSKSOTFT684",NULL,NULL,NULL,NULL,NULL,"395.00",NULL,NULL,"85.00","0","6ft H x 7ft W",NULL,NULL,NULL,NULL,"0","0",NULL,NULL,NULL,NULL,NULL,NULL,NULL,NULL,"1",NULL,NULL,"0000-00-00",NULL,NULL,NULL,NULL,NULL,NULL,NULL,NULL,NULL,NULL,NULL,NULL,NULL,NULL,NULL,NULL,NULL,NULL,NULL,NULL,NULL
"16381","Double Gate Stockade SOT ","double-gate-stockade-sot-6ft-h-x-8ft-w-100percent-cedar",NULL,NULL,"100% Spruce","DGSKSOTFT696",NULL,NULL,NULL,NULL,NULL,"395.00",NULL,NULL,"85.00","0","6ft H x 8ft W",NULL,NULL,NULL,NULL,"0","0",NULL,NULL,NULL,NULL,NULL,NULL,NULL,NULL,"1",NULL,NULL,"0000-00-00",NULL,NULL,NULL,NULL,NULL,NULL,NULL,NULL,NULL,NULL,NULL,NULL,NULL,NULL,NULL,NULL,NULL,NULL,NULL,NULL,NULL
"16382","Double Gate Stockade SOT ","double-gate-stockade-sot-6ft-h-x-9ft-w-100percent-cedar",NULL,NULL,"100% Spruce","DGSKSOTFT6108",NULL,NULL,NULL,NULL,NULL,"395.00",NULL,NULL,"85.00","0","6ft H x 9ft W",NULL,NULL,NULL,NULL,"0","0",NULL,NULL,NULL,NULL,NULL,NULL,NULL,NULL,"1",NULL,NULL,"0000-00-00",NULL,NULL,NULL,NULL,NULL,NULL,NULL,NULL,NULL,NULL,NULL,NULL,NULL,NULL,NULL,NULL,NULL,NULL,NULL,NULL,NULL
"16383","Double Gate Stockade SOT ","double-gate-stockade-sot-6ft-h-x-10ft-w-100percent-cedar",NULL,NULL,"100% Spruce","DGSKSOTFT6120",NULL,NULL,NULL,NULL,NULL,"425.00",NULL,NULL,"85.00","0","6ft H x 10ft W",NULL,NULL,NULL,NULL,"0","0",NULL,NULL,NULL,NULL,NULL,NULL,NULL,NULL,"1",NULL,NULL,"0000-00-00",NULL,NULL,NULL,NULL,NULL,NULL,NULL,NULL,NULL,NULL,NULL,NULL,NULL,NULL,NULL,NULL,NULL,NULL,NULL,NULL,NULL
"16384","Double Gate Stockade SOT ","double-gate-stockade-sot-6ft-h-x-11ft-w-100percent-cedar",NULL,NULL,"100% Spruce","DGSKSOTFT6132",NULL,NULL,NULL,NULL,NULL,"425.00",NULL,NULL,"85.00","0","6ft H x 11ft W",NULL,NULL,NULL,NULL,"0","0",NULL,NULL,NULL,NULL,NULL,NULL,NULL,NULL,"1",NULL,NULL,"0000-00-00",NULL,NULL,NULL,NULL,NULL,NULL,NULL,NULL,NULL,NULL,NULL,NULL,NULL,NULL,NULL,NULL,NULL,NULL,NULL,NULL,NULL
"16385","Double Gate Stockade SOT ","double-gate-stockade-sot-6ft-h-x-12ft-w-100percent-cedar",NULL,NULL,"100% Spruce","DGSKSOTFT6144",NULL,NULL,NULL,NULL,NULL,"465.00",NULL,NULL,"85.00","0","6ft H x 12ft W",NULL,NULL,NULL,NULL,"0","0",NULL,NULL,NULL,NULL,NULL,NULL,NULL,NULL,"1",NULL,NULL,"0000-00-00",NULL,NULL,NULL,NULL,NULL,NULL,NULL,NULL,NULL,NULL,NULL,NULL,NULL,NULL,NULL,NULL,NULL,NULL,NULL,NULL,NULL
"36850","Stockade Pickets/Fence Board","stockade-pickets/fence-board",NULL,,NULL,NULL,"1",NULL,NULL,NULL,NULL,NULL,NULL,NULL,NULL,"0",NULL,NULL,NULL,NULL,NULL,"0","0",NULL,NULL,NULL,NULL,NULL,NULL,NULL,NULL,"1",NULL,NULL,"0000-00-00",NULL,NULL,NULL,NULL,NULL,NULL,NULL,NULL,NULL,NULL,NULL,NULL,NULL,NULL,NULL,NULL,NULL,NULL,NULL,NULL,NULL
"36851","Stockade Pickets/Fence Board","stockade-pickets/fence-board-1in-x-3in-x-36in-h-cedar-wood",NULL,NULL,"Cedar Wood","LPST36",NULL,"AFCLPST",NULL,NULL,NULL,"2.00",NULL,NULL,"1.75","0","1in x 3in x 36in H",NULL,NULL,NULL,NULL,"0","0",NULL,NULL,NULL,NULL,"515Gothic_Point_Picket.gif.png",NULL,NULL,NULL,"1",NULL,NULL,"0000-00-00",NULL,NULL,NULL,NULL,NULL,NULL,NULL,NULL,NULL,NULL,NULL,NULL,NULL,NULL,NULL,NULL,NULL,NULL,NULL,NULL,NULL
"36852","Stockade Pickets/Fence Board","stockade-pickets/fence-board-1in-x-3in-x-42in-h-cedar-wood",NULL,NULL,"Cedar Wood","LPST42",NULL,"AFCLPST",NULL,NULL,NULL,"2.00",NULL,NULL,"1.75","0","1in x 3in x 42in H",NULL,NULL,NULL,NULL,"0","0",NULL,NULL,NULL,NULL,"256Gothic_Point_Picket.gif.png",NULL,NULL,NULL,"1",NULL,NULL,"0000-00-00",NULL,NULL,NULL,NULL,NULL,NULL,NULL,NULL,NULL,NULL,NULL,NULL,NULL,NULL,NULL,NULL,NULL,NULL,NULL,NULL,NULL
"36853","Stockade Pickets/Fence Board","stockade-pickets/fence-board-1in-x-3in-x-48in-h-cedar-wood",NULL,NULL,"Cedar Wood","LPST48",NULL,"AFCLPST",NULL,NULL,"0.80","2.00",NULL,NULL,"2.00","0","1in x 3in x 48in H",NULL,NULL,NULL,NULL,"0","0",NULL,NULL,NULL,NULL,"792Gothic_Point_Picket.gif.png",NULL,NULL,NULL,"1",NULL,NULL,"0000-00-00",NULL,NULL,NULL,NULL,NULL,NULL,NULL,NULL,NULL,NULL,NULL,NULL,NULL,NULL,NULL,NULL,NULL,NULL,NULL,NULL,NULL
"36854","Stockade Pickets/Fence Board","stockade-pickets/fence-board-1in-x-3in-x-60in-h-cedar-wood",NULL,NULL,"Cedar Wood","LPST60",NULL,"AFCLPST",NULL,NULL,NULL,"2.40",NULL,NULL,"2.50","0","1in x 3in x 60in H",NULL,NULL,NULL,NULL,"0","0",NULL,NULL,NULL,NULL,"17Gothic_Point_Picket.gif.png",NULL,NULL,NULL,"1",NULL,NULL,"0000-00-00",NULL,NULL,NULL,NULL,NULL,NULL,NULL,NULL,NULL,NULL,NULL,NULL,NULL,NULL,NULL,NULL,NULL,NULL,NULL,NULL,NULL
"36855","Stockade Pickets/Fence Board","stockade-pickets/fence-board-1in-x-3in-x-72in-h-cedar-wood",NULL,NULL,"Cedar Wood","LPST72",NULL,"AFCLPST",NULL,NULL,"1.50","3.00",NULL,NULL,"3.50","0","1in x 3in x 72in H",NULL,NULL,NULL,NULL,"0","0",NULL,NULL,NULL,NULL,"811Gothic_Point_Picket.gif.png",NULL,NULL,NULL,"1",NULL,NULL,"0000-00-00",NULL,NULL,NULL,NULL,NULL,NULL,NULL,NULL,NULL,NULL,NULL,NULL,NULL,NULL,NULL,NULL,NULL,NULL,NULL,NULL,NULL
"36856","Stockade Pickets/Fence Board","stockade-pickets/fence-board-1in-x-3in-x-84in-h-cedar-wood",NULL,NULL,"Cedar Wood","LPST84",NULL,"AFCLPST",NULL,NULL,NULL,"3.50",NULL,NULL,"4.00","0","1in x 3in x 84in H",NULL,NULL,NULL,NULL,"0","0",NULL,NULL,NULL,NULL,"612Gothic_Point_Picket.gif.png",NULL,NULL,NULL,"1",NULL,NULL,"0000-00-00",NULL,NULL,NULL,NULL,NULL,NULL,NULL,NULL,NULL,NULL,NULL,NULL,NULL,NULL,NULL,NULL,NULL,NULL,NULL,NULL,NULL
"36857","Stockade Pickets/Fence Board","stockade-pickets/fence-board-1in-x-3in-x-96in-h-cedar-wood",NULL,NULL,"Cedar Wood","LPST96",NULL,"AFCLPST",NULL,NULL,"2.50","3.50",NULL,NULL,"4.50","0","1in x 3in x 96in H",NULL,NULL,NULL,NULL,"0","0",NULL,NULL,NULL,NULL,"417Gothic_Point_Picket.gif.png",NULL,NULL,NULL,"1",NULL,NULL,"0000-00-00",NULL,NULL,NULL,NULL,NULL,NULL,NULL,NULL,NULL,NULL,NULL,NULL,NULL,NULL,NULL,NULL,NULL,NULL,NULL,NULL,NULL
"41479","Single Gate Stockade SOT ","single-gate-stockade-sot-8ft-h-x-3ft-w-100percent-cedar",NULL,NULL,"100% Spruce","SGSKSOTFT836",NULL,NULL,NULL,NULL,NULL,"185.00",NULL,NULL,"85.00","0","8ft H x 3ft W",NULL,NULL,NULL,NULL,"0","0",NULL,NULL,NULL,NULL,NULL,NULL,NULL,NULL,"1",NULL,NULL,"0000-00-00",NULL,NULL,NULL,NULL,NULL,NULL,NULL,NULL,NULL,NULL,NULL,NULL,NULL,NULL,NULL,NULL,NULL,NULL,NULL,NULL,NULL
"41480","Single Gate Stockade SOT ","single-gate-stockade-sot-8ft-h-x-3-1/2-w-100percent-cedar",NULL,NULL,"100% Spruce","SGSKSOTFT842",NULL,NULL,NULL,NULL,NULL,"185.00",NULL,NULL,"85.00","0","8ft H x 3 1/2 W",NULL,NULL,NULL,NULL,"0","0",NULL,NULL,NULL,NULL,NULL,NULL,NULL,NULL,"1",NULL,NULL,"0000-00-00",NULL,NULL,NULL,NULL,NULL,NULL,NULL,NULL,NULL,NULL,NULL,NULL,NULL,NULL,NULL,NULL,NULL,NULL,NULL,NULL,NULL
"41481","Single Gate Stockade SOT ","single-gate-stockade-sot-8ft-h-x-4ft-w-100percent-cedar",NULL,NULL,"100% Spruce","SGSKSOTFT848",NULL,NULL,NULL,NULL,NULL,"185.00",NULL,NULL,"85.00","0","8ft H x 4ft W",NULL,NULL,NULL,NULL,"0","0",NULL,NULL,NULL,NULL,NULL,NULL,NULL,NULL,"1",NULL,NULL,"0000-00-00",NULL,NULL,NULL,NULL,NULL,NULL,NULL,NULL,NULL,NULL,NULL,NULL,NULL,NULL,NULL,NULL,NULL,NULL,NULL,NULL,NULL
"41482","Single Gate Stockade SOT ","single-gate-stockade-sot-8ft-h-x-5ft-w-100percent-cedar",NULL,NULL,"100% Spruce","SGSKSOTFT860",NULL,NULL,NULL,NULL,NULL,"200.00",NULL,NULL,"85.00","0","8ft H x 5ft W",NULL,NULL,NULL,NULL,"0","0",NULL,NULL,NULL,NULL,NULL,NULL,NULL,NULL,"1",NULL,NULL,"0000-00-00",NULL,NULL,NULL,NULL,NULL,NULL,NULL,NULL,NULL,NULL,NULL,NULL,NULL,NULL,NULL,NULL,NULL,NULL,NULL,NULL,NULL
"41483","Single Gate Stockade SOT ","single-gate-stockade-sot-8ft-h-x-6ft-w-100percent-cedar",NULL,NULL,"100% Spruce","SGSKSOTFT872",NULL,NULL,NULL,NULL,NULL,"225.00",NULL,NULL,"85.00","0","8ft H x 6ft W",NULL,NULL,NULL,NULL,"0","0",NULL,NULL,NULL,NULL,NULL,NULL,NULL,NULL,"1",NULL,NULL,"0000-00-00",NULL,NULL,NULL,NULL,NULL,NULL,NULL,NULL,NULL,NULL,NULL,NULL,NULL,NULL,NULL,NULL,NULL,NULL,NULL,NULL,NULL
"41484","Double Gate Stockade SOT ","double-gate-stockade-sot-8ft-h-x6-ft-w-100percent-cedar",NULL,NULL,"100% Spruce","DGSKSOTFT872",NULL,NULL,NULL,NULL,NULL,"395.00",NULL,NULL,"85.00","0","8ft H x 6ft W",NULL,NULL,NULL,NULL,"0","0",NULL,NULL,NULL,NULL,NULL,NULL,NULL,NULL,"1",NULL,NULL,"0000-00-00",NULL,NULL,NULL,NULL,NULL,NULL,NULL,NULL,NULL,NULL,NULL,NULL,NULL,NULL,NULL,NULL,NULL,NULL,NULL,NULL,NULL
"41485","Double Gate Stockade SOT ","double-gate-stockade-sot-8ft-h-x-7ft-w-100percent-cedar",NULL,NULL,"100% Spruce","DGSKSOTFT884",NULL,NULL,NULL,NULL,NULL,"395.00",NULL,NULL,"85.00","0","8ft H x 7ft W",NULL,NULL,NULL,NULL,"0","0",NULL,NULL,NULL,NULL,NULL,NULL,NULL,NULL,"1",NULL,NULL,"0000-00-00",NULL,NULL,NULL,NULL,NULL,NULL,NULL,NULL,NULL,NULL,NULL,NULL,NULL,NULL,NULL,NULL,NULL,NULL,NULL,NULL,NULL
"41486","Double Gate Stockade SOT ","double-gate-stockade-sot-8ft-h-x-8ft-w-100percent-cedar",NULL,NULL,"100% Spruce","DGSKSOTFT896",NULL,NULL,NULL,NULL,NULL,"395.00",NULL,NULL,"85.00","0","8ft H x 8ft W",NULL,NULL,NULL,NULL,"0","0",NULL,NULL,NULL,NULL,NULL,NULL,NULL,NULL,"1",NULL,NULL,"0000-00-00",NULL,NULL,NULL,NULL,NULL,NULL,NULL,NULL,NULL,NULL,NULL,NULL,NULL,NULL,NULL,NULL,NULL,NULL,NULL,NULL,NULL
"41487","Double Gate Stockade SOT ","double-gate-stockade-sot-8ft-h-x-9ft-w-100percent-cedar",NULL,NULL,"100% Spruce","DGSKSOTFT8108",NULL,NULL,NULL,NULL,NULL,"395.00",NULL,NULL,"85.00","0","8ft H x 9ft W",NULL,NULL,NULL,NULL,"0","0",NULL,NULL,NULL,NULL,NULL,NULL,NULL,NULL,"1",NULL,NULL,"0000-00-00",NULL,NULL,NULL,NULL,NULL,NULL,NULL,NULL,NULL,NULL,NULL,NULL,NULL,NULL,NULL,NULL,NULL,NULL,NULL,NULL,NULL
"41488","Double Gate Stockade SOT ","double-gate-stockade-sot-8ft-h-x-10ft-w-100percent-cedar",NULL,NULL,"100% Spruce","DGSKSOTFT8120",NULL,NULL,NULL,NULL,NULL,"425.00",NULL,NULL,"85.00","0","8ft H x 10ft W",NULL,NULL,NULL,NULL,"0","0",NULL,NULL,NULL,NULL,NULL,NULL,NULL,NULL,"1",NULL,NULL,"0000-00-00",NULL,NULL,NULL,NULL,NULL,NULL,NULL,NULL,NULL,NULL,NULL,NULL,NULL,NULL,NULL,NULL,NULL,NULL,NULL,NULL,NULL
"41489","Double Gate Stockade SOT ","double-gate-stockade-sot-8ft-h-x-11ft-w-100percent-cedar",NULL,NULL,"100% Spruce","DGSKSOTFT8132",NULL,NULL,NULL,NULL,NULL,"425.00",NULL,NULL,"85.00","0","8ft H x 11ft W",NULL,NULL,NULL,NULL,"0","0",NULL,NULL,NULL,NULL,NULL,NULL,NULL,NULL,"1",NULL,NULL,"0000-00-00",NULL,NULL,NULL,NULL,NULL,NULL,NULL,NULL,NULL,NULL,NULL,NULL,NULL,NULL,NULL,NULL,NULL,NULL,NULL,NULL,NULL
"41490","Double Gate Stockade SOT ","double-gate-stockade-sot-8ft-h-x-12ft-w-100percent-cedar",NULL,NULL,"100% Spruce","DGSKSOTFT8144",NULL,NULL,NULL,NULL,NULL,"465.00",NULL,NULL,"85.00","0","8ft H x 12ft W",NULL,NULL,NULL,NULL,"0","0",NULL,NULL,NULL,NULL,NULL,NULL,NULL,NULL,"1",NULL,NULL,"0000-00-00",NULL,NULL,NULL,NULL,NULL,NULL,NULL,NULL,NULL,NULL,NULL,NULL,NULL,NULL,NULL,NULL,NULL,NULL,NULL,NULL,NULL
