,product_id,product_name,seo_name,desc_short,desc_long,color,item_no,master_model,parent,cat_id_fk,list,cost,price,ws_price,ex_price,weight_lbs,shipable,size,size_ln,size_wt,size_ht,inv_stocked,inv_eastorange,inv_orange,inv_processing,inv_ordered,inv_ordered_expect,img_small,img_large,supplier,ext_domain,featured,enabled,creation,modified,inv_mod,mod_by,product_assoc,alt_length,alt_width,alt_height,ship_length,ship_width,ship_height,nominal_length,nominal_width,nominal_height,product_relatives,meta_title,meta_keywords,add_keywords,meta_description,display_size_2,free_shipping,special_shipping,amount_per_box,class
352,369,Fence Slats PVT,fence-slats-pvt,,,,AFCFS,1.0,,,0.0,0.0,0.0,0.0,0.0,0.0,1,,,,,0.0,0,0,,0.0,,,,,,0.0,1.0,2010-03-25 12:52:54,2010-03-25 12:52:54,0000-00-00,,,,,,,,,,,,,,,,,,0.0,0.0,,AFCSLT
353,370,Top-Lock Fence Slats Inserts,top-lock-fence-slats-inserts-4ft-h-for-2in-mesh-slat-width-1-3/32in-white,,,White,PVT4WH,0.0,AFCFS4,,30.62,20.5,30.0,0.0,0.0,10.0,1,4ft H for 2in Mesh,,,,46.0,50,-4,,0.0,,,,,,0.0,1.0,2010-03-25 13:22:04,2010-03-25 13:22:04,2012-08-10,,,,,,12,12,49,,,,,,,,,Slat width 1 3/32in,0.0,1.0,5.0,AFCSLT
356,373,Top-Lock Fence Slats Inserts,top-lock-fence-slats-inserts-4ft-h-for-2in-mesh-slat-width-1-3/32in-light-blue,,,Light Blue,PVT4LB,0.0,AFCFS4,,30.62,20.5,30.0,0.0,0.0,10.0,1,4ft H for 2in Mesh,6,6,48,0.0,0,0,,0.0,,,,,,0.0,1.0,2010-03-25 14:39:54,2010-03-25 14:39:54,0000-00-00,,,,,,12,12,49,,,,,Testing,,,,Slat width 1 3/32in,0.0,1.0,5.0,AFCSLT
357,374,Top-Lock Fence Slats Inserts,top-lock-fence-slats-inserts-4ft-h-for-2in-mesh-slat-width-1-3/32in-black,,,Black,PVT4BK,0.0,AFCFS4,,30.62,20.5,30.0,0.0,0.0,10.0,1,4ft H for 2in Mesh,6,6,48,36.0,50,-14,,0.0,,,,,,0.0,1.0,2010-03-25 14:42:56,2010-03-25 14:42:56,2012-08-10,,,,,,12,12,49,,,,,,,,,Slat width 1 3/32in,0.0,1.0,5.0,AFCSLT
358,375,Top-Lock Fence Slats Inserts,top-lock-fence-slats-inserts-4ft-h-for-2in-mesh-slat-width-1-3/32in-brown,,,Brown,PVT4BR,0.0,AFCFS4,,30.62,20.5,30.0,0.0,0.0,10.0,1,4ft H for 2in Mesh,6,6,48,47.0,50,-3,,0.0,,,,,,0.0,1.0,2010-03-25 14:47:10,2010-03-25 14:47:10,2012-08-10,,,,,,12,12,49,,,,,,,,,Slat width 1 3/32in,0.0,1.0,5.0,AFCSLT
359,376,Top-Lock Fence Slats Inserts,top-lock-fence-slats-inserts-4ft-h-for-2in-mesh-slat-width-1-3/32in-green,,,Green,PVT4GR,0.0,AFCFS4,,30.62,20.5,30.0,0.0,0.0,10.0,1,4ft H for 2in Mesh,6,6,48,8.0,30,-22,,0.0,,,,,,0.0,1.0,2010-03-25 14:52:07,2010-03-25 14:52:07,2012-08-10,,,,,,12,12,49,,,,,,,,,Slat width 1 3/32in,0.0,1.0,5.0,AFCSLT
360,377,Top-Lock Fence Slats Inserts,top-lock-fence-slats-inserts-4ft-h-for-2in-mesh-slat-width-1-3/32in-tan,,,Tan,PVT4TN,0.0,AFCFS4,,30.62,20.5,30.0,0.0,0.0,10.0,1,4ft H for 2in Mesh,6,6,48,59.0,50,9,,0.0,,,,,,0.0,1.0,2010-03-25 14:55:27,2010-03-25 14:55:27,2012-07-20,,,,,,12,12,49,,,,,,,,,Slat width 1 3/32in,0.0,1.0,5.0,AFCSLT
361,378,Top-Lock Fence Slats Inserts,top-lock-fence-slats-inserts-4ft-h-for-2in-mesh-slat-width-1-3/32in-gray,,,Gray,PVT4G,0.0,AFCFS4,,30.62,20.5,30.0,0.0,0.0,10.0,1,4ft H for 2in Mesh,6,6,48,0.0,0,0,,0.0,,,,,,0.0,1.0,2010-03-25 15:07:59,2010-03-25 15:07:59,2012-08-10,,,,,,12,12,49,,,,,,,,,Slat width 1 3/32in,0.0,1.0,5.0,AFCSLT
380,397,Top-Lock Fence Slats Inserts,top-lock-fence-slats-inserts-4ft-h-for-2in-mesh-slat-width-1-3/32in-redwood,,,Redwood,PVT4RW,0.0,AFCFS4,,30.62,20.5,30.0,0.0,0.0,10.0,1,4ft H for 2in Mesh,6,6,48,0.0,0,0,,0.0,,,,,,0.0,1.0,2010-03-26 07:10:50,2010-03-26 07:10:50,2012-08-10,,,,,,12,12,49,,,,,,,,,Slat width 1 3/32in,0.0,1.0,5.0,AFCSLT
384,401,Top-Lock Fence Slats Inserts,top-lock-fence-slats-inserts-5ft-h-for-2in-mesh-slat-width-1-3/32in-green,,,Green,PVT5GR,0.0,AFCFS5,,25.5,25.5,38.0,0.0,0.0,12.5,1,5ft H for 2in Mesh,,6,,18.0,50,-32,,0.0,,,,,,0.0,1.0,2010-03-26 07:21:37,2010-03-26 07:21:37,2012-08-10,,,,,,12,12,61,,,,,,,,,Slat width 1 3/32in,0.0,1.0,5.0,AFCSLT
386,403,Top-Lock Fence Slats Inserts,top-lock-fence-slats-inserts-6ft-h-for-2in-mesh-slat-width-1-3/32in-green,,,Green,PVT6GR,0.0,AFCFS6,,4.15,29.5,44.0,0.0,,15.0,1,6ft H for 2in Mesh ,,,,-29.0,100,-129,,0.0,,,,,,,0.0,2010-03-26 07:30:13,2014-04-03 17:02:17,2012-08-10,3.0,,,,,12,12,72,,,,,,,,,Slat width 1 3/32in,0.0,1.0,5.0,AFCSLT
387,404,Top-Lock Fence Slats Inserts,top-lock-fence-slats-inserts-7ft-h-for-2in-mesh-slat-width-1-3/32in-green,,Product not found: 404,Green,PVT7GR,0.0,AFCFS7,,50.65,40.52,62.0,0.0,0.0,18.0,1,7ft H for 2in Mesh ,6,6,84,5.0,0,5,,0.0,,,,,,0.0,1.0,2010-03-26 07:37:09,2010-03-26 07:37:09,2012-07-12,,,,,,12,12,85,,,,,,,,,Slat width 1 3/32in,0.0,1.0,5.0,AFCSLT
388,405,Top-Lock Fence Slats Inserts,top-lock-fence-slats-inserts-8ft-h-for-2in-mesh-slat-width-1-3/32in-green,,,Green,PVT8GR,0.0,AFCFS8,,58.59,39.5,62.0,0.0,0.0,22.0,1,8ft H for 2in Mesh ,6,6,96,43.0,52,-9,,0.0,,,,,,0.0,0.0,2010-03-26 07:40:28,2010-03-26 07:40:28,2012-07-12,,,,,,12,12,97,,,,,,,,,Slat width 1 3/32in,0.0,1.0,5.0,AFCSLT
389,406,Top-Lock Fence Slats Inserts,top-lock-fence-slats-inserts-5ft-h-for-2in-mesh-slat-width-1-3/32in-brown,,,Brown,PVT5BR,0.0,AFCFS5,,37.75,25.5,38.0,0.0,0.0,10.0,1,5ft H for 2in Mesh,,,,75.0,50,25,,0.0,,,,,,0.0,1.0,2010-03-26 11:45:38,2010-03-26 11:45:38,2012-08-10,,,,,,12,12,61,,,,,,,,,Slat width 1 3/32in,0.0,1.0,5.0,AFCSLT
390,407,Top-Lock Fence Slats Inserts,top-lock-fence-slats-inserts-6ft-h-for-2in-mesh-slat-width-1-3/32in-brown,,,Brown,PVT6BR,0.0,AFCFS6,,4.15,29.5,44.0,0.0,0.0,15.0,1,6ft H for 2in Mesh,,,,37.0,50,-13,,0.0,,,,,,0.0,1.0,2010-03-26 12:43:31,2010-03-26 12:43:31,2012-08-10,,,,,,12,12,73,6,6,48,,,,,,Slat width 1 3/32in,0.0,1.0,5.0,AFCSLT
392,409,Top-Lock Fence Slats Inserts,top-lock-fence-slats-inserts-7ft-h-for-2in-mesh-slat-width-1-3/32in-brown,,,Brown,PVT7BR,0.0,AFCFS7,,50.65,40.52,62.0,0.0,0.0,18.0,1,7ft H for 2in Mesh,,,,0.0,0,0,,0.0,,,,,,0.0,1.0,2010-03-26 13:17:29,2010-03-26 13:17:29,0000-00-00,,,,,,12,12,85,6,6,84,,,,,,Slat width 1 3/32in,0.0,1.0,5.0,AFCSLT
394,411,Top-Lock Fence Slats Inserts,top-lock-fence-slats-inserts-8ft-h-for-2in-mesh-slat-width-1-3/32in-brown,,,Brown,PVT8BR,0.0,AFCFS8,,58.59,46.87,62.0,0.0,0.0,22.0,1,8ft H for 2in Mesh,,,,0.0,0,0,,0.0,,,,,,0.0,1.0,2010-03-26 13:25:19,2010-03-26 13:25:19,0000-00-00,,,,,,12,12,97,6,6,96,,,,,,Slat width 1 3/32in,0.0,1.0,5.0,AFCSLT
399,416,Top-Lock Fence Slats Inserts,top-lock-fence-slats-inserts-5ft-h-for-2in-mesh-slat-width-1-3/32in-black,,,Black,PVT5BK,0.0,AFCFS5,,37.75,25.5,38.0,0.0,0.0,12.0,1,5ft H for 2in Mesh,,,,56.0,50,6,,0.0,,,,,,0.0,1.0,2010-03-26 14:34:55,2010-03-26 14:34:55,2012-07-12,,,,,,12,12,61,6,6,60,,,,,,Slat width 1 3/32in,0.0,1.0,5.0,AFCSLT
400,417,Top-Lock Fence Slats Inserts,top-lock-fence-slats-inserts-6ft-h-for-2in-mesh-slat-width-1-3/32in-black,,,Black,PVT6BK,0.0,AFCFS6,,4.15,29.5,44.0,0.0,0.0,15.0,1,6ft H for 2in Mesh,,,,-43.0,15,-58,,0.0,,,,,,0.0,0.0,2010-03-26 14:42:09,2010-03-26 14:42:09,2012-08-10,,,,,,12,12,73,6,6,6,,,,,,Slat width 1 3/32in,0.0,1.0,5.0,AFCSLT
401,418,Top-Lock Fence Slats Inserts,top-lock-fence-slats-inserts-7ft-h-for-2in-mesh-slat-width-1-3/32in-black,,,Black,PVT7BK,0.0,AFCFS7,,50.65,40.52,62.0,0.0,0.0,18.0,1,7ft H for 2in Mesh,,,,0.0,0,0,,0.0,,,,,,0.0,1.0,2010-03-26 14:48:42,2010-03-26 14:48:42,0000-00-00,,,,,,12,12,85,6,6,84,,,,,,Slat width 1 3/32in,0.0,1.0,5.0,AFCSLT
402,419,Top-Lock Fence Slats Inserts,top-lock-fence-slats-inserts-8ft-h-for-2in-mesh-slat-width-1-3/32in-black,,,Black,PVT8BK,0.0,AFCFS8,,58.59,39.5,62.0,0.0,0.0,22.0,1,8ft H for 2in Mesh,,,,-2.0,0,-2,,0.0,,,,,,0.0,0.0,2010-03-26 14:55:04,2010-03-26 14:55:04,0000-00-00,,,,,,12,12,97,6,6,96,,,,,,Slat width 1 3/32in,0.0,1.0,5.0,AFCSLT
403,420,Top-Lock Fence Slats Inserts,top-lock-fence-slats-inserts-5ft-h-for-2in-mesh-slat-width-1-3/32in-light-blue,,,Light Blue,PVT5LB,0.0,AFCFS5,,37.75,25.5,38.0,0.0,0.0,12.5,1,5ft H for 2in Mesh,,,,0.0,0,0,,0.0,,,,,,0.0,1.0,2010-03-26 15:01:12,2010-03-26 15:01:12,0000-00-00,,,,,,12,12,61,6,6,60,,,,,,Slat width 1 3/32in,0.0,1.0,5.0,AFCSLT
426,444,Fence Slats Winged,fence-slats-winged,,,,AFCFSW,1.0,,,0.0,0.0,0.0,0.0,0.0,0.0,1,,,,,0.0,0,0,,0.0,,,,,,0.0,1.0,2010-03-29 06:27:51,2010-03-29 06:27:51,0000-00-00,,,,,,,,,,,,,,,,,,0.0,0.0,,AFCSLT
427,445,Fence Slats Hedge,fence-slats-hedge,,,,AFCFSH,1.0,,,0.0,0.0,0.0,0.0,0.0,0.0,1,,,,,0.0,0,0,,0.0,,,,,,0.0,1.0,2010-03-29 06:29:12,2010-03-29 06:29:12,0000-00-00,,,,,,,,,,,,,,,,,,0.0,0.0,,AFCSLT
428,446,Winged Fence Slats Inserts,winged-fence-slats-inserts-4ft-h-for-2in-mesh-slat-width-1-7/16in-brown,,,Brown,PVTW4BR,0.0,AFCFSW4,,39.42,26.5,40.0,0.0,0.0,12.0,1,4ft H for 2in Mesh,,2,48,45.0,26,19,,0.0,,,,,,0.0,1.0,2010-03-29 07:34:24,2010-03-29 07:34:24,2012-08-10,,,,,,12,12,50,,,,,,,,,Slat width 1 7/16in,0.0,1.0,4.0,AFCSLT
429,447,Winged Fence Slats Inserts,winged-fence-slats-inserts-4ft-h-for-2in-mesh-slat-width-1-7/16in-green,,,Green,PVTW4GR,0.0,AFCFSW4,,39.42,26.5,40.0,0.0,0.0,12.0,1,4ft H for 2in Mesh,,2,48,-15.0,50,-65,,0.0,,,,,,0.0,0.0,2010-03-29 07:36:08,2010-03-29 07:36:08,2012-08-10,,,,,,12,12,50,,,,,,,,,Slat width 1 7/16in,0.0,1.0,4.0,AFCSLT
430,448,Winged Fence Slats Inserts,winged-fence-slats-inserts-4ft-h-for-2in-mesh-slat-width-1-7/16in-tan,,,Tan,PVTW4TN,0.0,AFCFSW4,,39.42,26.5,40.0,0.0,0.0,12.0,1,4ft H for 2in Mesh,,2,48,12.0,0,12,,0.0,,,,,,0.0,1.0,2010-03-29 07:38:01,2010-03-29 07:38:01,2012-08-10,,,,,,12,12,50,,,,,,,,,Slat width 1 7/16in,0.0,1.0,4.0,AFCSLT
431,449,Winged Fence Slats Inserts,winged-fence-slats-inserts-4ft-h-for-2in-mesh-slat-width-1-7/16in-redwood,,,Redwood,PVTW4RW,0.0,AFCFSW4,,39.42,26.5,40.0,0.0,0.0,12.0,1,4ft H for 2in Mesh,,2,48,27.0,0,27,,0.0,,,,,,0.0,1.0,2010-03-29 07:40:04,2010-03-29 07:40:04,2012-08-10,,,,,,12,12,50,,,,,,,,,Slat width 1 7/16in,0.0,1.0,4.0,AFCSLT
432,450,Winged Fence Slats Inserts,winged-fence-slats-inserts-4ft-h-for-2in-mesh-slat-width-1-7/16in-gray,,,Gray,PVTW4G,0.0,AFCFSW4,,39.42,26.5,40.0,0.0,0.0,12.0,1,4ft H for 2in Mesh,,2,48,27.0,0,27,,0.0,,,,,,0.0,1.0,2010-03-29 07:41:44,2010-03-29 07:41:44,2012-08-10,,,,,,12,12,50,,,,,,,,,Slat width 1 7/16in,0.0,1.0,4.0,AFCSLT
433,451,Winged Fence Slats Inserts,winged-fence-slats-inserts-4ft-h-for-2in-mesh-slat-width-1-7/16in-black,,,Black,PVTW4BK,0.0,AFCFSW4,,39.42,26.5,40.0,0.0,0.0,12.0,1,4ft H for 2in Mesh,,2,48,49.0,50,-1,,0.0,,,,,,0.0,1.0,2010-03-29 07:42:52,2010-03-29 07:42:52,2012-08-10,,,,,,12,12,50,,,,,,,,,Slat width 1 7/16in,0.0,1.0,4.0,AFCSLT
434,452,Winged Fence Slats Inserts,winged-fence-slats-inserts-4ft-h-for-2in-mesh-slat-width-1-7/16in-light-blue,,,Light Blue,PVTW4LB,0.0,AFCFSW4,,39.42,26.5,40.0,0.0,0.0,12.0,1,4ft H for 2in Mesh,,2,48,0.0,0,0,,0.0,,,,,,0.0,1.0,2010-03-29 07:43:58,2010-03-29 07:43:58,0000-00-00,,,,,,12,12,50,,,,,,,,,Slat width 1 7/16in,0.0,1.0,4.0,AFCSLT
435,453,Winged Fence Slats Inserts,winged-fence-slats-inserts-5ft-h-for-2in-mesh-slat-width-1-7/16in-green,,,Green,PVTW5GR,0.0,AFCFSW5,,47.79,32.5,48.0,0.0,0.0,15.0,1,5ft H for 2in Mesh,,2,60,-5.0,0,-5,,0.0,,,,,,0.0,0.0,2010-03-29 07:46:02,2010-03-29 07:46:02,2012-08-10,,,,,,12,12,62,,,,,,,,,Slat width 1 7/16in,0.0,1.0,4.0,AFCSLT
436,454,Winged Fence Slats Inserts,winged-fence-slats-inserts-5ft-h-for-2in-mesh-slat-width-1-7/16in-brown,,,Brown,PVTW5BR,0.0,AFCFSW5,,47.79,32.5,48.0,0.0,0.0,15.0,1,5ft H for 2in Mesh,,2,60,71.0,50,21,,0.0,,,,,,0.0,1.0,2010-03-29 07:47:17,2010-03-29 07:47:17,2012-08-10,,,,,,12,12,62,,,,,,,,,Slat width 1 7/16in,0.0,1.0,4.0,AFCSLT
437,455,Winged Fence Slats Inserts,winged-fence-slats-inserts-5ft-h-for-2in-mesh-slat-width-1-7/16in-tan,,,Tan,PVTW5TN,0.0,AFCFSW5,,47.79,32.5,48.0,0.0,0.0,15.0,1,5ft H for 2in Mesh,,2,60,25.0,0,25,,0.0,,,,,,0.0,1.0,2010-03-29 07:48:33,2010-03-29 07:48:33,2012-07-14,,,,,,12,12,62,,,,,,,,,Slat width 1 7/16in,0.0,1.0,4.0,AFCSLT
438,456,Winged Fence Slats Inserts,winged-fence-slats-inserts-5ft-h-for-2in-mesh-slat-width-1-7/16in-redwood,,,Redwood,PVTW5RW,0.0,AFCFSW5,,47.79,32.5,48.0,0.0,,15.0,1,5ft H for 2in Mesh,,,,-3.0,0,-3,,0.0,,,,,,,0.0,2010-03-29 07:49:24,2014-04-28 14:10:38,2012-08-10,3.0,,,,,8,8,62,,,,,,,,,Slat width 1 7/16in,0.0,1.0,4.0,AFCSLT
439,457,Winged Fence Slats Inserts,winged-fence-slats-inserts-5ft-h-for-2in-mesh-slat-width-1-7/16in-gray,,,Gray,PVTW5G,0.0,AFCFSW5,,47.79,32.5,48.0,0.0,0.0,15.0,1,5ft H for 2in Mesh,,2,60,22.0,0,22,,0.0,,,,,,0.0,1.0,2010-03-29 07:50:30,2010-03-29 07:50:30,2012-08-10,,,,,,12,12,62,,,,,,,,,Slat width 1 7/16in,0.0,1.0,4.0,AFCSLT
440,458,Winged Fence Slats Inserts,winged-fence-slats-inserts-5ft-h-for-2in-mesh-slat-width-1-7/16in-black,,,Black,PVTW5BK,0.0,AFCFSW5,,47.79,32.5,48.0,0.0,0.0,15.0,1,5ft H for 2in Mesh,,2,60,-27.0,55,-82,,0.0,,,,,,0.0,0.0,2010-03-29 07:51:18,2010-03-29 07:51:18,2012-08-10,,,,,,12,12,62,,,,,,,,,Slat width 1 7/16in,0.0,1.0,4.0,AFCSLT
441,459,Winged Fence Slats Inserts,winged-fence-slats-inserts-5ft-h-for-2in-mesh-slat-width-1-7/16in-light-blue,,,Light Blue,PVTW5LB,0.0,AFCFSW5,,47.79,32.5,48.0,0.0,0.0,15.0,1,5ft H for 2in Mesh,,2,60,0.0,0,0,,0.0,,,,,,0.0,1.0,2010-03-29 07:52:05,2010-03-29 07:52:05,0000-00-00,,,,,,12,12,62,,,,,,,,,Slat width 1 7/16in,0.0,1.0,4.0,AFCSLT
442,460,Winged Fence Slats Inserts,winged-fence-slats-inserts-6ft-h-for-2in-mesh-slat-width-1-7/16in-green,,,Green,PVTW6GR,0.0,AFCFSW6,,53.95,38.0,57.0,0.0,0.0,17.0,1,6ft H for 2in Mesh,,2,72,-51.0,25,-76,,0.0,,,,,,0.0,0.0,2010-03-29 08:00:23,2010-03-29 08:00:23,2012-08-10,,,,,,12,12,74,,,,,,,,,Slat width 1 7/16in,0.0,1.0,4.0,AFCSLT
443,461,Winged Fence Slats Inserts,winged-fence-slats-inserts-6ft-h-for-2in-mesh-slat-width-1-7/16in-brown,,,Brown,PVTW6BR,0.0,AFCFSW6,,53.95,38.0,57.0,0.0,0.0,17.0,1,6ft H for 2in Mesh,,2,72,40.0,84,-44,,0.0,,,,,,0.0,1.0,2010-03-29 08:01:48,2010-03-29 08:01:48,2012-08-10,,,,,,12,12,74,,,,,,,,,Slat width 1 7/16in,0.0,1.0,4.0,AFCSLT
444,462,Winged Fence Slats Inserts,winged-fence-slats-inserts-6ft-h-for-2in-mesh-slat-width-1-7/16in-tan,,,Tan,PVTW6TN,0.0,AFCFSW6,,53.95,38.0,57.0,0.0,0.0,17.0,1,6ft H for 2in Mesh,,2,72,56.0,35,21,,0.0,,,,,,0.0,1.0,2010-03-29 08:03:40,2010-03-29 08:03:40,2012-08-10,,,,,,12,12,74,,,,,,,,,Slat width 1 7/16in,0.0,1.0,4.0,AFCSLT
445,463,Winged Fence Slats Inserts,winged-fence-slats-inserts-6ft-h-for-2in-mesh-slat-width-1-7/16in-redwood,,,Redwood,PVTW6RW,0.0,AFCFSW6,,53.95,38.0,57.0,0.0,0.0,17.0,1,6ft H for 2in Mesh,,2,,-2.0,0,-2,,0.0,,,,,,0.0,0.0,2010-03-29 08:04:24,2010-03-29 08:04:24,2012-08-10,,,,,,12,12,74,,,,,,,,,Slat width 1 7/16in,0.0,1.0,4.0,AFCSLT
446,464,Winged Fence Slats Inserts,winged-fence-slats-inserts-6ft-h-for-2in-mesh-slat-width-1-7/16in-gray,,,Gray,PVTW6G,0.0,AFCFSW6,,53.95,38.0,57.0,0.0,0.0,17.0,1,6ft H for 2in Mesh,,2,,-34.0,0,-34,,0.0,,,,,,0.0,0.0,2010-03-29 08:05:07,2010-03-29 08:05:07,2012-08-10,,,,,,12,12,74,,,,,,,,,Slat width 1 7/16in,0.0,1.0,4.0,AFCSLT
447,465,Winged Fence Slats Inserts,winged-fence-slats-inserts-6ft-h-for-2in-mesh-slat-width-1-7/16in-black,,,Black,PVTW6BK,0.0,AFCFSW6,,53.95,38.0,57.0,0.0,0.0,17.0,1,6ft H for 2in Mesh,,2,72,64.0,50,14,,0.0,,,,,,0.0,1.0,2010-03-29 08:05:45,2010-03-29 08:05:45,2012-08-10,,,,,,12,12,74,,,,,,,,,Slat width 1 7/16in,0.0,1.0,4.0,AFCSLT
448,466,Winged Fence Slats Inserts,winged-fence-slats-inserts-6ft-h-for-2in-mesh-slat-width-1-7/16in-light-blue,,,Light Blue,PVTW6LB,0.0,AFCFSW6,,53.95,38.0,57.0,0.0,0.0,17.0,1,6ft H for 2in Mesh,,2,72,0.0,0,0,,0.0,,,,,,0.0,1.0,2010-03-29 08:06:29,2010-03-29 08:06:29,0000-00-00,,,,,,12,12,74,,,,,,,,,Slat width 1 7/16in,0.0,1.0,4.0,AFCSLT
449,467,Winged Fence Slats Inserts,winged-fence-slats-inserts-7ft-h-for-2in-mesh-slat-width-1-7/16in-green,,,Green,PVTW7GR,0.0,AFCFSW7,,64.49,51.75,78.0,0.0,0.0,18.0,1,7ft H for 2in Mesh,,2,84,1.0,0,1,,0.0,,,,,,0.0,1.0,2010-03-29 08:07:42,2010-03-29 08:07:42,2012-06-28,,,,,,12,12,86,,,,,,,,,Slat width 1 7/16in,0.0,1.0,4.0,AFCSLT
450,468,Winged Fence Slats Inserts,winged-fence-slats-inserts-7ft-h-for-2in-mesh-slat-width-1-7/16in-brown,,,Brown,PVTW7BR,0.0,AFCFSW7,,64.49,51.75,78.0,0.0,0.0,18.0,1,7ft H for 2in Mesh,,2,84,0.0,0,0,,0.0,,,,,,0.0,1.0,2010-03-29 08:08:23,2010-03-29 08:08:23,0000-00-00,,,,,,12,12,86,,,,,,,,,Slat width 1 7/16in,0.0,1.0,4.0,AFCSLT
451,469,Winged Fence Slats Inserts,winged-fence-slats-inserts-7ft-h-for-2in-mesh-slat-width-1-7/16in-tan,,,Tan,PVTW7TN,0.0,AFCFSW7,,64.49,51.75,78.0,0.0,0.0,18.0,1,7ft H for 2in Mesh,,2,84,0.0,0,0,,0.0,,,,,,0.0,1.0,2010-03-29 08:09:02,2010-03-29 08:09:02,0000-00-00,,,,,,12,12,86,,,,,,,,,Slat width 1 7/16in,0.0,1.0,4.0,AFCSLT
452,470,Winged Fence Slats Inserts,winged-fence-slats-inserts-7ft-h-for-2in-mesh-slat-width-1-7/16in-redwood,,,Redwood,PVTW7RW,0.0,AFCFSW7,,64.49,51.75,78.0,0.0,0.0,18.0,1,7ft H for 2in Mesh,,2,,0.0,0,0,,0.0,,,,,,0.0,1.0,2010-03-29 08:09:53,2010-03-29 08:09:53,0000-00-00,,,,,,12,12,86,,,,,,,,,Slat width 1 7/16in,0.0,1.0,4.0,AFCSLT
453,471,Winged Fence Slats Inserts,winged-fence-slats-inserts-7ft-h-for-2in-mesh-slat-width-1-7/16in-gray,,,Gray,PVTW7G,0.0,AFCFSW7,,64.49,51.75,78.0,0.0,0.0,18.0,1,7ft H for 2in Mesh,,2,84,0.0,0,0,,0.0,,,,,,0.0,1.0,2010-03-29 08:10:42,2010-03-29 08:10:42,0000-00-00,,,,,,12,12,86,,,,,,,,,Slat width 1 7/16in,0.0,1.0,4.0,AFCSLT
454,472,Winged Fence Slats Inserts,winged-fence-slats-inserts-7ft-h-for-2in-mesh-slat-width-1-7/16in-black,,,Black,PVTW7BK,0.0,AFCFSW7,,64.49,51.75,78.0,0.0,0.0,18.0,1,7ft H for 2in Mesh,,2,84,-70.0,0,-70,,0.0,,,,,,0.0,0.0,2010-03-29 08:11:36,2010-03-29 08:11:36,2012-06-28,,,,,,12,12,86,,,,,,,,,Slat width 1 7/16in,0.0,1.0,4.0,AFCSLT
455,473,Winged Fence Slats Inserts,winged-fence-slats-inserts-7ft-h-for-2in-mesh-slat-width-1-7/16in-light-blue,,,Light Blue,PVTW7LB,0.0,AFCFSW7,,64.49,51.75,78.0,0.0,0.0,18.0,1,7ft H for 2in Mesh,,2,84,0.0,0,0,,0.0,,,,,,0.0,1.0,2010-03-29 08:13:26,2010-03-29 08:13:26,0000-00-00,,,,,,12,12,86,,,,,,,,,Slat width 1 7/16in,0.0,1.0,4.0,AFCSLT
456,474,Winged Fence Slats Inserts,winged-fence-slats-inserts-8ft-h-for-2in-mesh-slat-width-1-7/16in-green,,,Green,PVTW8GR,0.0,AFCFSW8,,75.55,51.5,78.0,0.0,0.0,24.0,1,8ft H for 2in Mesh,,2,96,25.0,0,25,,0.0,,,,,,0.0,1.0,2010-03-29 08:14:30,2010-03-29 08:14:30,2012-07-12,,,,,,12,12,98,,,,,,,,,Slat width 1 7/16in,0.0,1.0,4.0,AFCSLT
457,475,Winged Fence Slats Inserts,winged-fence-slats-inserts-8ft-h-for-2in-mesh-slat-width-1-7/16in-brown,,,Brown,PVTW8BR,0.0,AFCFSW8,,75.55,51.5,78.0,0.0,0.0,24.0,1,8ft H for 2in Mesh,,2,96,0.0,0,0,,0.0,,,,,,0.0,1.0,2010-03-29 08:15:47,2010-03-29 08:15:47,0000-00-00,,,,,,12,12,98,,,,,,,,,Slat width 1 7/16in,0.0,1.0,4.0,AFCSLT
458,476,Winged Fence Slats Inserts,winged-fence-slats-inserts-8ft-h-for-2in-mesh-slat-width-1-7/16in-tan,,,Tan,PVTW8TN,0.0,AFCFSW8,,75.55,51.5,78.0,0.0,0.0,24.0,1,8ft H for 2in Mesh,,2,96,-50.0,0,-50,,0.0,,,,,,0.0,0.0,2010-03-29 08:16:24,2010-03-29 08:16:24,0000-00-00,,,,,,12,12,98,,,,,,,,,Slat width 1 7/16in,0.0,1.0,4.0,AFCSLT
459,477,Winged Fence Slats Inserts,winged-fence-slats-inserts-8ft-h-for-2in-mesh-slat-width-1-7/16in-redwood,,,Redwood,PVTW8RW,0.0,AFCFSW8,,75.55,51.5,78.0,0.0,0.0,24.0,1,8ft H for 2in Mesh,,2,,5.0,0,5,,0.0,,,,,,0.0,1.0,2010-03-29 08:17:25,2010-03-29 08:17:25,2012-06-28,,,,,,12,12,98,,,,,,,,,Slat width 1 7/16in,0.0,1.0,4.0,AFCSLT
460,478,Winged Fence Slats Inserts,winged-fence-slats-inserts-8ft-h-for-2in-mesh-slat-width-1-7/16in-gray,,,Gray,PVTW8G,0.0,AFCFSW8,,75.55,51.5,78.0,0.0,0.0,24.0,1,8ft H for 2in Mesh,,2,96,0.0,0,0,,0.0,,,,,,0.0,1.0,2010-03-29 08:18:19,2010-03-29 08:18:19,0000-00-00,,,,,,12,12,98,,,,,,,,,Slat width 1 7/16in,0.0,1.0,4.0,AFCSLT
461,479,Winged Fence Slats Inserts,winged-fence-slats-inserts-8ft-h-for-2in-mesh-slat-width-1-7/16in-black,,,Black,PVTW8BK,0.0,AFCFSW8,,75.55,51.5,78.0,0.0,0.0,24.0,1,8ft H for 2in Mesh,,2,96,1.0,0,1,,0.0,,,,,,0.0,1.0,2010-03-29 08:18:56,2010-03-29 08:18:56,2012-06-28,,,,,,12,12,98,,,,,,,,,Slat width 1 7/16in,0.0,1.0,4.0,AFCSLT
462,480,Winged Fence Slats Inserts,winged-fence-slats-inserts-8ft-h-for-2in-mesh-slat-width-1-7/16in-light-blue,,,Light Blue,PVTW8LB,0.0,AFCFSW8,,75.55,51.5,78.0,0.0,0.0,24.0,1,8ft H for 2in Mesh,,2,96,0.0,0,0,,0.0,,,,,,0.0,1.0,2010-03-29 08:19:57,2010-03-29 08:19:57,0000-00-00,,,,,,12,12,98,,,,,,,,,Slat width 1 7/16in,0.0,1.0,4.0,AFCSLT
463,481,Hedge Fence Slats Inserts,hedge-fence-slats-inserts-4ft-h-green,,,Green,PVTPH4GR,0.0,AFCFSH,,0.0,43.97,65.75,0.0,0.0,16.5,1,4ft H,,2,,12.0,0,-18,,0.0,,,,,,0.0,1.0,2010-03-29 08:25:02,2010-03-29 08:25:02,2012-06-27,,,,,,10,10,49,,,,,,,,,,0.0,1.0,1.0,AFCSLT
464,482,Hedge Fence Slats Inserts,hedge-fence-slats-inserts-5ft-h-green,,,Green,PVTPH5GR,0.0,AFCFSH,,0.0,53.97,85.0,0.0,0.0,20.0,1,5ft H,,2,,-2.0,0,-6,,0.0,,,,,,0.0,0.0,2010-03-29 08:26:30,2010-03-29 08:26:30,2012-06-27,,,,,,10,10,61,,,,,,,,,,0.0,1.0,1.0,AFCSLT
465,483,Hedge Fence Slats Inserts,hedge-fence-slats-inserts-6ft-h-green,,,Green,PVTPH6GR,0.0,AFCFSH,,0.0,59.36,85.0,0.0,0.0,22.0,1,6ft H,,2,,-88.0,0,-121,,0.0,,,,,,0.0,0.0,2010-03-29 08:27:49,2010-03-29 08:27:49,2012-06-27,,,,,,10,10,73,,,,,,,,,,0.0,1.0,1.0,AFCSLT
466,484,Hedge Fence Slats Inserts,hedge-fence-slats-inserts-7ft-h-green,,,Green,PVTPH7GR,0.0,,,0.0,73.78,115.0,0.0,0.0,28.0,1,7ft H,,2,84.00,8.0,0,8,,0.0,,,,,,0.0,1.0,2010-03-29 08:29:40,2010-03-29 08:29:40,2012-06-27,,,,,,10,10,85,,,,,,,,,,0.0,1.0,1.0,AFCSLT
467,485,Hedge Fence Slats Inserts,hedge-fence-slats-inserts-8ft-h-green,,,Green,PVTPH8GR,0.0,AFCFSH,,0.0,83.49,125.0,0.0,0.0,34.0,1,8ft H,,,,-12.0,0,-12,,0.0,,,,,,0.0,0.0,2010-03-29 08:30:43,2010-03-29 08:30:43,2012-06-27,,,,,,10,10,97,,,,,,,,,,0.0,1.0,1.0,AFCSLT
468,486,Hedge Fence Slats Inserts,hedge-fence-slats-inserts-10ft-h-green,,,Green,PVTPH10GR,0.0,AFCFSH,,0.0,97.76,179.0,0.0,0.0,40.0,1,10ft H,,2,,0.0,0,0,,0.0,,,,,,0.0,1.0,2010-03-29 08:31:53,2010-03-29 08:31:53,0000-00-00,,,,,,10,10,121,,,,,,,,,,0.0,1.0,1.0,AFCSLT
3106,3492,Top-Lock Fence Slats Inserts,top-lock-fence-slats-inserts-5ft-h-for-2in-mesh-slat-width-1-3/32in-tan,,,Tan,PVT5TN,0.0,AFCFS5,,37.75,25.5,38.0,0.0,0.0,12.5,1,5ft H for 2in Mesh,,,,25.0,0,25,,0.0,,,,,,0.0,1.0,2010-05-19 13:15:33,2010-05-19 13:15:33,2012-08-10,,,,,,12,12,61,,,,,,,,,Slat width 1 3/32in,0.0,1.0,5.0,AFCSLT
3107,3493,Top-Lock Fence Slats Inserts,top-lock-fence-slats-inserts-5ft-h-for-2in-mesh-slat-width-1-3/32in-white,,,White,PVT5WH,0.0,AFCFS5,,37.75,25.5,38.0,0.0,0.0,12.5,1,5ft H for 2in Mesh,,,,36.0,50,-14,,0.0,,,,,,0.0,1.0,2010-05-19 13:18:09,2010-05-19 13:18:09,2012-08-10,,,,,,12,12,61,,,,,,,,,Slat width 1 3/32in,0.0,1.0,5.0,AFCSLT
3108,3494,Top-Lock Fence Slats Inserts,top-lock-fence-slats-inserts-5ft-h-for-2in-mesh-slat-width-1-3/32in-redwood,,,Redwood,PVT5RW,0.0,AFCFS5,,37.75,25.5,38.0,0.0,0.0,12.5,1,5ft H for 2in Mesh,,,,22.0,0,22,,0.0,,,,,,0.0,1.0,2010-05-19 13:35:31,2010-05-19 13:35:31,2012-08-10,,,,,,12,12,61,,,,,,,,,Slat width 1 3/32in,0.0,1.0,5.0,AFCSLT
3109,3495,Top-Lock Fence Slats Inserts,top-lock-fence-slats-inserts-5ft-h-for-2in-mesh-slat-width-1-3/32in-gray,,,Gray,PVT5G,0.0,AFCFS5,,37.75,25.5,38.0,0.0,0.0,12.5,1,5ft H for 2in Mesh,,,,31.0,0,31,,0.0,,,,,,0.0,1.0,2010-05-19 13:38:03,2010-05-19 13:38:03,2012-08-10,,,,,,12,12,61,,,,,,,,,Slat width 1 3/32in,0.0,1.0,5.0,AFCSLT
3110,3496,Top-Lock Fence Slats Inserts,top-lock-fence-slats-inserts-6ft-h-for-2in-mesh-slat-width-1-3/32in-tan,,,Tan,PVT6TN,0.0,AFCFS6,,43.15,29.5,44.0,0.0,0.0,15.0,1,6ft H for 2in Mesh,,,,41.0,50,-9,,0.0,,,,,,0.0,1.0,2010-05-19 13:41:16,2010-05-19 13:41:16,2012-08-10,,,,,,12,12,73,,,,,,,,,Slat width 1 3/32in,0.0,1.0,5.0,AFCSLT
3111,3497,Top-Lock Fence Slats Inserts,top-lock-fence-slats-inserts-6ft-h-for-2in-mesh-slat-width-1-3/32in-white,,,White,PVT6WH,0.0,AFCFS6,,43.15,29.5,44.0,0.0,0.0,15.0,1,6ft H for 2in Mesh,,,,6.0,0,6,,0.0,,,,,,0.0,1.0,2010-05-19 13:43:01,2010-05-19 13:43:01,2012-08-10,,,,,,12,12,73,,,,,,,,,Slat width 1 3/32in,0.0,1.0,5.0,AFCSLT
3112,3498,Top-Lock Fence Slats Inserts,top-lock-fence-slats-inserts-6ft-h-for-2in-mesh-slat-width-1-3/32in-redwood,,,Redwood,PVT6RW,0.0,AFCFS6,,43.15,29.5,44.0,0.0,0.0,15.0,1,6ft H for 2in Mesh,,,,-19.0,0,-19,,0.0,,,,,,0.0,0.0,2010-05-19 13:45:14,2010-05-19 13:45:14,2012-08-10,,,,,,12,12,73,,,,,,,,,Slat width 1 3/32in,0.0,1.0,5.0,AFCSLT
3113,3499,Top-Lock Fence Slats Inserts,top-lock-fence-slats-inserts-6ft-h-for-2in-mesh-slat-width-1-3/32in-gray,,,Gray,PVT6G,0.0,AFCFS6,,43.15,29.5,44.0,0.0,0.0,15.0,1,6ft H for 2in Mesh,,,,24.0,0,24,,0.0,,,,,,0.0,1.0,2010-05-19 13:47:05,2010-05-19 13:47:05,2012-08-10,,,,,,12,12,73,,,,,,,,,Slat width 1 3/32in,0.0,1.0,5.0,AFCSLT
3114,3500,Top-Lock Fence Slats Inserts,top-lock-fence-slats-inserts-6ft-h-for-2in-mesh-slat-width-1-3/32in-light-blue,,,Light Blue,PVT6LB,0.0,AFCFS6,,43.15,29.5,44.0,0.0,0.0,15.0,1,6ft H for 2in Mesh,,,,-10.0,0,-10,,0.0,,,,,,0.0,0.0,2010-05-19 13:51:41,2010-05-19 13:51:41,0000-00-00,,,,,,12,12,73,,,,,,,,,Slat width 1 3/32in,0.0,1.0,5.0,AFCSLT
3115,3501,Top-Lock Fence Slats Inserts,top-lock-fence-slats-inserts-7ft-h-for-2in-mesh-slat-width-1-3/32in-tan,,,Tan,PVT7TN,0.0,AFCFS7,,50.65,40.52,62.0,0.0,0.0,18.0,1,7ft H for 2in Mesh,,,,0.0,0,0,,0.0,,,,,,0.0,1.0,2010-05-19 14:09:06,2010-05-19 14:09:06,0000-00-00,,,,,,12,12,85,,,,,,,,,Slat width 1 3/32in,0.0,1.0,5.0,AFCSLT
3116,3502,Top-Lock Fence Slats Inserts,top-lock-fence-slats-inserts-7ft-h-for-2in-mesh-slat-width-1-3/32in-white,,,White,PVT7WH,0.0,AFCFS7,,50.65,40.52,62.0,0.0,0.0,18.0,1,7ft H for 2in Mesh,,,,0.0,0,0,,0.0,,,,,,0.0,1.0,2010-05-19 14:24:37,2010-05-19 14:24:37,0000-00-00,,,,,,12,12,85,,,,,,,,,Slat width 1 3/32in,0.0,1.0,5.0,AFCSLT
3117,3503,Top-Lock Fence Slats Inserts,top-lock-fence-slats-inserts-7ft-h-for-2in-mesh-slat-width-1-3/32in-redwood,,,Redwood,PVT7RW,0.0,AFCFS7,,50.65,40.52,62.0,0.0,0.0,18.0,1,7ft H for 2in Mesh,,,,0.0,0,0,,0.0,,,,,,0.0,1.0,2010-05-20 06:41:52,2010-05-20 06:41:52,0000-00-00,,,,,,12,12,85,,,,,,,,,Slat width 1 3/32in,0.0,1.0,5.0,AFCSLT
3118,3504,Top-Lock Fence Slats Inserts,top-lock-fence-slats-inserts-7ft-h-for-2in-mesh-slat-width-1-3/32in-gray,,,Gray,PVT7G,0.0,AFCFS7,,50.65,40.52,62.0,0.0,0.0,18.0,1,7ft H for 2in Mesh,,,,0.0,0,0,,0.0,,,,,,0.0,1.0,2010-05-20 06:43:17,2010-05-20 06:43:17,0000-00-00,,,,,,12,12,85,,,,,,,,,Slat width 1 3/32in,0.0,1.0,5.0,AFCSLT
3119,3505,Top-Lock Fence Slats Inserts,top-lock-fence-slats-inserts-7ft-h-for-2in-mesh-slat-width-1-3/32in-light-blue,,,Light Blue,PVT7LB,0.0,AFCFS7,,50.65,40.52,62.0,0.0,0.0,18.0,1,7ft H for 2in Mesh,,,,0.0,0,0,,0.0,,,,,,0.0,1.0,2010-05-20 06:44:48,2010-05-20 06:44:48,0000-00-00,,,,,,12,12,85,,,,,,,,,Slat width 1 3/32in,0.0,1.0,5.0,AFCSLT
3120,3506,Top-Lock Fence Slats Inserts,top-lock-fence-slats-inserts-8ft-h-for-2in-mesh-slat-width-1-3/32in-tan,,,Tan,PVT8TN,0.0,AFCFS8,,58.59,39.5,62.0,0.0,0.0,22.0,1,8ft H for 2in Mesh,,,,0.0,0,0,,0.0,,,,,,0.0,1.0,2010-05-20 06:46:16,2010-05-20 06:46:16,0000-00-00,,,,,,12,12,97,,,,,,,,,Slat width 1 3/32in,0.0,1.0,5.0,AFCSLT
3121,3507,Top-Lock Fence Slats Inserts,top-lock-fence-slats-inserts-8ft-h-for-2in-mesh-slat-width-1-3/32in-white,,,White,PVT8WH,0.0,AFCFS8,,58.59,39.5,62.0,0.0,0.0,22.0,1,8ft H for 2in Mesh,,,,27.0,0,2,,0.0,,,,,,0.0,1.0,2010-05-20 06:47:43,2010-05-20 06:47:43,2012-07-31,,,,,,12,12,97,,,,,,,,,Slat width 1 3/32in,0.0,1.0,5.0,AFCSLT
3122,3508,Top-Lock Fence Slats Inserts,top-lock-fence-slats-inserts-8ft-h-for-2in-mesh-slat-width-1-3/32in-redwood,,,Redwood,PVT8RW,0.0,AFCFS8,,58.59,39.5,62.0,0.0,0.0,22.0,1,8ft H for 2in Mesh,,,,4.0,0,4,,0.0,,,,,,0.0,1.0,2010-05-20 06:48:58,2010-05-20 06:48:58,2012-07-12,,,,,,12,12,97,,,,,,,,,Slat width 1 3/32in,0.0,1.0,5.0,AFCSLT
3123,3509,Top-Lock Fence Slats Inserts,top-lock-fence-slats-inserts-8ft-h-for-2in-mesh-slat-width-1-3/32in-gray,,,Gray,PVT8G,0.0,AFCFS8,,58.59,39.5,62.0,0.0,0.0,22.0,1,8ft H for 2in Mesh,,,,-18.0,0,-18,,0.0,,,,,,0.0,0.0,2010-05-20 06:50:08,2010-05-20 06:50:08,0000-00-00,,,,,,12,12,97,,,,,,,,,Slat width 1 3/32in,0.0,1.0,5.0,AFCSLT
3124,3510,Top-Lock Fence Slats Inserts,top-lock-fence-slats-inserts-8ft-h-for-2in-mesh-slat-width-1-3/32in-light-blue,,,Light Blue,PVT8LB,0.0,AFCFS8,,58.59,39.5,62.0,0.0,0.0,22.0,1,8ft H for 2in Mesh,,,,0.0,0,0,,0.0,,,,,,0.0,1.0,2010-05-20 06:51:14,2010-05-20 06:51:14,0000-00-00,,,,,,12,12,97,,,,,,,,,Slat width 1 3/32in,0.0,1.0,5.0,AFCSLT
14895,16398,Top-Lock PVT Slats 4ft,top-lock-pvt-slats-4ft,,,,AFCFSW4,1.0,,,0.0,0.0,0.0,0.0,0.0,0.0,0,,,,,0.0,0,0,,0.0,,,,,,0.0,1.0,,,0000-00-00,,,,,,,,,,,,,,,,,,0.0,0.0,,AFCSLT
14896,16399,Top-Lock PVT Slats 5ft,top-lock-pvt-slats-5ft,,,,AFCFSW5,1.0,,,0.0,0.0,0.0,0.0,0.0,0.0,0,,,,,0.0,0,0,,0.0,,,,,,0.0,1.0,,,0000-00-00,,,,,,,,,,,,,,,,,,0.0,0.0,,AFCSLT
14897,16400,Top-Lock PVT Slats 6ft,top-lock-pvt-slats-6ft,,,,AFCFSW6,1.0,,,0.0,0.0,0.0,0.0,0.0,0.0,0,,,,,0.0,0,0,,0.0,,,,,,0.0,1.0,,,0000-00-00,,,,,,,,,,,,,,,,,,0.0,0.0,,AFCSLT
14898,16401,Top-Lock PVT Slats 7ft,top-lock-pvt-slats-7ft,,,,AFCFSW7,1.0,,,0.0,0.0,0.0,0.0,0.0,0.0,0,,,,,0.0,0,0,,0.0,,,,,,0.0,1.0,,,0000-00-00,,,,,,,,,,,,,,,,,,0.0,0.0,,AFCSLT
14899,16402,Top-Lock PVT Slats 8ft,top-lock-pvt-slats-8ft,,,,AFCFSW8,1.0,,,0.0,0.0,0.0,0.0,0.0,0.0,0,,,,,0.0,0,0,,0.0,,,,,,0.0,1.0,,,0000-00-00,,,,,,,,,,,,,,,,,,0.0,0.0,,AFCSLT
16873,18399,Fence Slats Sample,fence-slats-sample,,,,AFCFSSMM,1.0,,,,,,,,,1,,,,,,0,0,,,,,,,,,1.0,2010-12-09 08:54:19,2010-12-09 08:54:19,0000-00-00,,,,,,,,,,,,,,,,,,,,,
16874,18400,Set of Fence Slats Samples,set-of-fence-slats-samples-2in-top-lock-winged-hedge-all-colors,,You will be sent 1 of each of the most common color in the Top-Lock and Winged Slats as well as a sample of the Permanent Hedge Slat. $11.99 for shipping.,All Colors,AFCFSS,0.0,,,,,11.99,,,1.0,1,"2in -  Top Lock, Winged, Hedge",,,,,0,0,,,,,,,,,1.0,2010-12-09 08:55:15,2010-12-09 08:55:15,0000-00-00,,,,,,,,,,,,,,,,,,1.0,,,
25306,36834,Winged Fence Slats Inserts,winged-fence-slats-inserts-5ft-h-for-2in-mesh-slat-width-1-7/16in-white,,,White,PVTW5WH,0.0,AFCFSW5,,47.79,32.5,48.0,0.0,0.0,15.0,1,5ft H for 2in Mesh,,,,4.0,0,4,,0.0,,,,,,0.0,1.0,,,2012-08-10,,,,,,12,12,62,,,,,,,,,Slat width 1 7/16in,0.0,1.0,4.0,AFCSLT
29593,36833,Winged Fence Slats Inserts,winged-fence-slats-inserts-4ft-h-for-2in-mesh-slat-width-1-7/16in-white,,,White,PVTW4WH,0.0,AFCFSW4,,39.42,26.5,40.0,0.0,0.0,12.0,1,4ft H for 2in Mesh,,,,66.0,50,16,,0.0,,,,,,0.0,1.0,,,2012-08-10,,,,,,12,12,50,,,,,,,,,Slat width 1 7/16in,0.0,1.0,4.0,AFCSLT
29595,36835,Winged Fence Slats Inserts,winged-fence-slats-inserts-6ft-h-for-2in-mesh-slat-width-1-7/16in-white,,,White,PVTW6WH,0.0,AFCFSW6,,53.95,38.0,57.0,0.0,0.0,17.0,1,6ft H for 2in Mesh,,,,-39.0,0,-39,,0.0,,,,,,0.0,0.0,,,2012-08-10,,,,,,12,12,74,,,,,,,,,Slat width 1 7/16in,0.0,1.0,4.0,AFCSLT
29600,36840,Winged Slats MM 6ft,winged-slats-mm-6ft,,,,AFCFS6,0.0,,,0.0,0.0,0.0,0.0,0.0,0.0,0,,,,,0.0,0,0,,0.0,,,,,,0.0,1.0,,,0000-00-00,,,,,,,,,,,,,,,,,,0.0,0.0,,AFCSLT
29601,36841,Winged Slats MM 7ft,winged-slats-mm-7ft,,,,AFCFS7,0.0,,,0.0,0.0,0.0,0.0,0.0,0.0,0,,,,,0.0,0,0,,0.0,,,,,,0.0,1.0,,,0000-00-00,,,,,,,,,,,,,,,,,,0.0,0.0,,AFCSLT
29602,36842,Winged Slats MM 8ft,winged-slats-mm-8ft,,,,AFCFS8,0.0,,,0.0,0.0,0.0,0.0,0.0,0.0,0,,,,,0.0,0,0,,0.0,,,,,,0.0,1.0,,,0000-00-00,,,,,,,,,,,,,,,,,,0.0,0.0,,AFCSLT
29604,36838,Winged Slats MM 4ft,winged-slats-mm-4ft,,,,AFCFS4,0.0,,,0.0,0.0,0.0,0.0,0.0,0.0,0,,,,,0.0,0,0,,0.0,,,,,,0.0,1.0,,,0000-00-00,,,,,,,,,,,,,,,,,,0.0,0.0,,AFCSLT
29605,36839,Winged Slats MM 5ft,winged-slats-mm-5ft,,,,AFCFS5,0.0,,,0.0,0.0,0.0,0.0,0.0,0.0,0,,,,,0.0,0,0,,0.0,,,,,,0.0,1.0,,,0000-00-00,,,,,,,,,,,,,,,,,,0.0,0.0,,AFCSLT
31153,36836,Winged Fence Slats Inserts,winged-fence-slats-inserts-7ft-h-for-2in-mesh-slat-width-1-7/16in-white,,,White,PVTW7WH,0.0,AFCFSW7,,75.55,51.5,78.0,0.0,0.0,18.0,1,7ft H for 2in Mesh,,,,0.0,0,0,,0.0,,,,,,0.0,1.0,,,0000-00-00,,,,,,12,12,86,,,,,,,,,Slat width 1 7/16in,0.0,1.0,4.0,AFCSLT
31386,36837,Winged Fence Slats Inserts,winged-fence-slats-inserts-8ft-h-for-2in-mesh-slat-width-1-7/16in-white,,,White,PVTW8WH,0.0,AFCFSW8,,51.5,51.5,78.0,0.0,0.0,24.0,1,8ft H for 2in Mesh,,,,2.0,0,2,,0.0,,,,,,0.0,1.0,,,2012-06-28,,,,,,12,12,98,,,,,,,,,Slat width 1 7/16in,0.0,1.0,4.0,AFCSLT
